draw_no,date,n1,n2,n3,n4,n5,n6,bonus,first_prize,first_winners,total_sales
1,2002-12-07,10,23,29,33,37,40,16,,,3681782000
2,2002-12-14,9,13,21,25,32,42,2,2002006800,1,4904274000
3,2002-12-21,11,16,19,21,27,31,30,2000000000,1,4729342000
4,2002-12-28,14,27,30,31,40,42,2,,,5271464000
5,2003-01-04,16,24,29,40,41,42,3,,,6277102000
6,2003-01-11,14,15,26,27,40,42,34,6574451700,1,15305356000
7,2003-01-18,2,9,16,25,26,40,42,,,12794890000
8,2003-01-25,8,19,25,34,37,39,9,,,20751450000
9,2003-02-01,2,4,16,17,36,39,14,,,73624020000
10,2003-02-08,9,25,30,33,41,44,6,6430437900,13,260856392000
11,2003-02-15,1,7,36,37,41,42,14,4780152300,5,91925306000
12,2003-02-22,2,11,21,25,39,45,44,1348845700,12,76255508000
13,2003-03-01,22,23,25,37,38,42,26,,,66532136000
14,2003-03-08,2,6,12,31,33,40,15,9375048300,4,99838648000
15,2003-03-15,3,4,16,30,31,37,13,17014245000,1,73264910000
16,2003-03-22,6,7,24,37,38,40,33,4377146100,4,75777348000
17,2003-03-29,3,4,9,17,32,37,1,5349491200,3,72718152000
18,2003-04-05,3,12,13,19,32,35,29,,,66371660000
19,2003-04-12,6,30,38,39,40,43,26,40722959400,1,105957818000
20,2003-04-19,10,14,18,20,23,30,41,19352212800,1,81056776000
21,2003-04-26,6,12,17,18,31,32,21,797475400,23,84247142000
22,2003-05-03,4,5,6,8,17,39,25,4552194900,4,79455152000
23,2003-05-10,5,13,17,18,33,42,44,4317947700,4,77374256000
24,2003-05-17,7,8,27,29,36,43,6,,,78486634000
25,2003-05-24,2,4,21,26,43,44,16,24227745300,2,120073768000
26,2003-05-31,4,5,7,18,20,25,31,3495069900,5,80193026000
27,2003-06-07,1,20,26,28,37,43,27,9543982500,2,76145050000
28,2003-06-14,9,18,23,25,35,37,1,1700361100,10,75448366000
29,2003-06-21,1,5,13,34,39,40,11,3552594000,5,74523120000
30,2003-06-28,8,17,20,35,36,44,4,8728555500,2,72399690000
31,2003-07-05,7,9,18,23,28,35,32,8106672900,2,71317306000
32,2003-07-12,6,14,19,25,34,44,11,1634528300,10,71179198000
33,2003-07-19,4,7,32,33,40,41,9,14903517600,1,67457252000
34,2003-07-26,9,26,35,37,40,42,2,3056918000,5,69389894000
35,2003-08-02,2,3,11,26,37,43,39,5054598200,3,66143062000
36,2003-08-09,1,10,23,26,28,40,31,16014475800,1,66856686000
37,2003-08-16,7,27,30,33,35,37,42,4985999400,3,65509794000
38,2003-08-23,16,17,22,30,37,43,36,5374866400,3,67369284000
39,2003-08-30,6,7,13,15,21,43,8,2623748800,6,66094476000
40,2003-09-06,7,13,18,19,25,26,6,1147652400,13,65699086000
41,2003-09-13,13,20,23,35,38,43,34,,,57624562000
42,2003-09-20,17,18,19,21,23,32,1,6899280100,6,119909740000
43,2003-09-27,6,31,35,38,39,44,1,17749630800,1,74686296000
44,2003-10-04,3,11,21,30,38,45,39,3362155800,5,69956950000
45,2003-10-11,1,10,20,27,33,35,17,8356417800,2,71216232000
46,2003-10-18,8,13,15,23,31,38,39,5327758800,3,68181568000
47,2003-10-25,14,17,26,31,36,45,27,3250042400,5,67756694000
48,2003-11-01,6,10,18,26,37,38,3,2415673600,6,65806832000
49,2003-11-08,4,7,16,19,33,40,30,1967504600,7,64501142000
50,2003-11-15,2,10,12,15,22,44,1,5227061400,3,65563234000
51,2003-11-22,2,3,11,16,26,44,35,2421117000,6,62553680000
52,2003-11-29,2,4,15,16,20,29,1,3900844900,4,64393446000
53,2003-12-06,7,8,14,32,33,39,42,5014371000,3,64996010000
54,2003-12-13,1,8,21,27,36,39,37,5148626600,3,63833006000
55,2003-12-20,17,21,31,37,40,44,7,7088799600,2,62195764000
56,2003-12-27,10,14,30,31,33,37,19,3777570900,4,65258932000
57,2004-01-03,7,10,16,25,29,44,6,4114411900,4,70132666000
58,2004-01-10,10,24,25,33,40,44,1,3676429200,4,66638136000
59,2004-01-17,6,29,36,39,41,45,13,4127587300,4,67563698000
60,2004-01-24,2,8,25,36,39,42,11,2172504600,7,65405936000
61,2004-01-31,14,15,19,30,38,43,8,3541038800,5,73312994000
62,2004-02-07,3,8,15,27,29,35,21,15817286400,1,66740368000
63,2004-02-14,3,20,23,36,38,40,5,7922245500,2,67074050000
64,2004-02-21,14,15,18,21,26,36,39,3899818000,4,65085154000
65,2004-02-28,4,25,33,36,40,43,39,3727945800,4,66685144000
66,2004-03-06,2,3,7,17,22,24,45,3685138200,4,63378796000
67,2004-03-13,3,7,10,15,36,38,33,2114436500,7,64314872000
68,2004-03-20,10,12,15,16,26,39,38,2945882100,5,63813236000
69,2004-03-27,5,8,14,15,19,39,35,4962712200,3,63711302000
70,2004-04-03,5,19,22,25,28,43,26,5031277800,3,63232578000
71,2004-04-10,5,9,12,16,29,41,21,,,62889986000
72,2004-04-17,2,4,11,17,26,27,1,3260524600,13,125651214000
73,2004-04-24,3,12,18,32,40,43,38,2766662100,6,72635862000
74,2004-05-01,6,15,17,18,35,40,23,5284949800,3,68902158000
75,2004-05-08,2,5,24,32,34,44,28,3914616900,4,66138372000
76,2004-05-15,1,3,15,22,25,37,43,7451022600,2,65083924000
77,2004-05-22,2,18,29,32,43,44,37,5155758600,3,64420666000
78,2004-05-29,10,13,25,29,33,35,38,3519850000,4,61257794000
79,2004-06-05,3,12,24,27,30,32,14,3416443800,4,60390004000
80,2004-06-12,17,18,24,25,26,30,1,13809540000,1,60160440000
81,2004-06-19,5,7,11,13,20,33,6,2714288880,5,60983308000
82,2004-06-26,1,2,3,14,27,42,39,14562494400,1,61302808000
83,2004-07-03,6,10,15,17,19,34,14,7086948300,2,62512062000
84,2004-07-10,16,23,27,34,42,45,11,7669779000,2,62780760000
85,2004-07-17,6,8,13,23,31,36,21,3462109800,4,59451304000
86,2004-07-24,2,12,37,39,41,45,33,14252186400,1,59835968000
87,2004-07-31,4,12,16,23,34,43,26,1799358055,11,83793642000
88,2004-08-07,1,17,20,24,30,41,27,3069709650,4,51910612000
89,2004-08-14,4,26,28,29,33,40,37,4248321900,3,55102179000
90,2004-08-21,17,20,29,35,38,44,10,3291435300,4,55493544000
91,2004-08-28,1,21,24,26,29,42,27,3582902400,4,59061052000
92,2004-09-04,3,14,24,33,35,36,17,1233270846,11,58296001000
93,2004-09-11,6,22,24,36,38,44,19,2269178150,6,57236313000
94,2004-09-18,5,32,34,40,41,45,6,2245339950,6,57144729000
95,2004-09-25,8,17,27,31,34,43,14,1747741238,8,60077493000
96,2004-10-02,1,3,8,21,22,31,20,1847133515,7,54217572000
97,2004-10-09,6,7,14,15,20,36,3,1496214000,9,57713200000
98,2004-10-16,6,9,16,23,24,32,43,3177972300,4,56231084000
99,2004-10-23,1,3,10,27,29,37,11,2169219050,6,56207491000
100,2004-10-30,1,7,11,23,37,42,6,3315315525,4,56561977000
101,2004-11-06,1,3,17,32,35,45,8,2707297500,5,57585065000
102,2004-11-13,17,22,24,26,35,40,42,1457153067,9,56937962000
103,2004-11-20,5,14,15,27,30,45,10,1691589563,8,57420615000
104,2004-11-27,17,32,33,34,42,44,35,6610743750,2,56533705000
105,2004-12-04,8,10,20,34,41,45,28,3416781450,4,57479716000
106,2004-12-11,4,10,12,22,24,33,29,810461157,16,57384485000
107,2004-12-18,1,4,5,6,9,31,17,6679927800,2,57545202000
108,2004-12-25,7,18,22,23,29,44,12,1998900772,7,58875228000
109,2005-01-01,1,5,34,36,42,44,33,1246838200,12,62584098000
110,2005-01-08,7,20,22,23,29,43,1,4566262000,3,57625490000
111,2005-01-15,7,18,31,33,36,40,27,2199047450,6,57876999000
112,2005-01-22,26,29,30,33,41,42,43,1567271167,9,59292005000
113,2005-01-29,4,9,28,33,36,45,26,1561528934,9,59258248000
114,2005-02-05,11,14,19,26,28,41,2,2362345050,6,60079401000
115,2005-02-12,1,2,6,9,25,28,31,1488589567,9,59130557000
116,2005-02-19,2,4,25,31,34,37,17,1997747315,7,61606084000
117,2005-02-26,5,10,22,34,36,44,35,1558378334,9,59429610000
118,2005-03-05,3,4,10,17,19,22,38,1297989720,10,57171934000
119,2005-03-12,3,11,13,14,17,21,38,1474899400,9,57800632000
120,2005-03-19,4,6,10,11,32,37,30,4364530300,3,57418983000
121,2005-03-26,12,28,30,34,38,43,9,6839648100,2,57134544000
122,2005-04-02,1,11,16,17,36,40,8,1450073800,9,56171704000
123,2005-04-09,7,17,18,28,30,45,27,2532982680,5,54097448000
124,2005-04-16,4,16,23,25,29,42,1,1395936267,9,54180838000
125,2005-04-23,2,8,32,33,35,36,18,1754870786,7,53149705000
126,2005-04-30,7,20,22,27,40,43,1,1369301500,9,52748965000
127,2005-05-07,3,5,10,29,32,43,35,1965939150,6,50752603000
128,2005-05-14,12,30,34,36,37,45,39,2064043100,6,52310392000
129,2005-05-21,19,23,25,28,38,42,17,1093629655,11,51555754000
130,2005-05-28,7,19,24,27,42,45,31,3036496650,4,51359012000
131,2005-06-04,8,10,11,14,15,21,37,1451214488,8,50231773000
132,2005-06-11,3,17,23,34,41,45,43,2920473525,4,49921897000
133,2005-06-18,4,7,15,18,23,26,13,1450242600,8,50889926000
134,2005-06-25,3,12,20,23,31,35,43,2349155100,5,50445575000
135,2005-07-02,6,14,22,28,35,39,16,1717293515,7,51062672000
136,2005-07-09,2,16,30,36,41,42,11,1997694150,6,51144633000
137,2005-07-16,7,9,20,25,36,39,15,1270403467,9,49978654000
138,2005-07-23,10,11,27,28,37,39,19,2227152000,5,47688450000
139,2005-07-30,9,11,15,20,28,43,13,1650210215,7,48371085000
140,2005-08-06,3,13,17,18,19,28,8,2109462840,5,45983464000
141,2005-08-13,8,12,29,31,42,43,2,1900552400,6,48016958000
142,2005-08-20,12,16,30,34,40,44,19,1018265564,11,48012844000
143,2005-08-27,26,27,28,42,43,45,8,3954584700,3,49415357000
144,2005-09-03,4,15,17,26,36,37,43,1402440413,8,49202521000
145,2005-09-10,2,3,13,20,27,44,9,3797838200,3,48913832000
146,2005-09-17,2,19,27,35,41,42,25,6043415250,2,50677555000
147,2005-09-24,4,6,13,21,40,42,36,1700040215,7,50345605000
148,2005-10-01,21,25,33,34,35,36,17,2323596420,5,49523247000
149,2005-10-08,2,11,21,34,41,42,27,1639052143,7,48406950000
150,2005-10-15,2,18,25,28,37,39,16,2831645850,4,48763778000
151,2005-10-22,1,2,10,13,18,19,15,2716634025,4,47357067000
152,2005-10-29,1,5,13,26,29,34,43,2278131840,5,48180334000
153,2005-11-05,3,8,11,12,13,36,33,2730526125,4,47777735000
154,2005-11-12,6,19,21,35,40,45,20,2836628700,4,48022386000
155,2005-11-19,16,19,20,32,33,41,4,1193005734,9,46140202000
156,2005-11-26,5,18,28,30,42,45,2,1401099900,8,47344584000
157,2005-12-03,19,26,30,33,35,39,37,5484903750,2,46853365000
158,2005-12-10,4,9,13,18,21,34,7,1069544340,10,46368888000
159,2005-12-17,1,18,30,41,42,43,32,1755407300,6,44311926000
160,2005-12-24,3,7,8,34,39,41,1,5490805350,2,46833239000
161,2005-12-31,22,34,36,40,42,45,44,1996876272,7,53096453000
162,2006-01-07,1,5,21,25,38,41,24,2308265760,5,49050086000
163,2006-01-14,7,11,26,28,29,44,16,1629726515,7,49018952000
164,2006-01-21,6,9,10,11,39,41,27,4054937900,3,53052119000
165,2006-01-28,5,13,18,19,22,42,31,6767426700,2,58088118000
166,2006-02-04,9,12,27,36,39,45,14,1111299982,11,52157466000
167,2006-02-11,24,27,28,30,36,39,4,2491222920,5,52744392000
168,2006-02-18,3,10,31,40,42,43,30,2349946920,5,51496212000
169,2006-02-25,16,27,35,37,43,45,19,2482888380,5,52076183000
170,2006-03-04,2,11,13,15,31,42,10,1923108250,6,49718245000
171,2006-03-11,4,16,25,29,34,35,1,1961339700,6,50357474000
172,2006-03-18,4,19,21,24,26,41,35,1081154073,11,50758266000
173,2006-03-25,3,9,24,30,33,34,18,1487736788,8,52286521000
174,2006-04-01,13,14,18,22,35,39,16,1771103058,7,52340568000
175,2006-04-08,19,26,28,31,33,36,17,2371132620,5,50895147000
176,2006-04-15,4,17,30,32,33,34,15,2314663080,5,50488528000
177,2006-04-22,1,10,13,16,37,43,6,1693285500,7,50480325000
178,2006-04-29,1,5,11,12,18,23,9,2254621080,5,49582758000
179,2006-05-06,5,9,17,25,39,43,32,1081093920,10,47291694000
180,2006-05-13,2,15,20,21,29,34,22,5763371550,2,48895477000
181,2006-05-20,14,21,23,32,40,45,44,1941763300,6,49124446000
182,2006-05-27,13,15,27,29,34,40,35,3721439400,3,47222594000
183,2006-06-03,2,18,24,34,40,42,5,1777221500,6,45938460000
184,2006-06-10,1,2,6,16,20,33,41,1747753050,6,45503351000
185,2006-06-17,1,2,4,8,19,38,14,3522485800,3,45783088000
186,2006-06-24,4,10,14,19,21,45,9,1187882600,9,45484428000
187,2006-07-01,1,2,8,18,29,38,42,1544733900,7,45855961000
188,2006-07-08,19,24,27,30,31,34,36,3501405200,3,45176242000
189,2006-07-15,8,14,32,35,37,45,28,3461775100,3,43650551000
190,2006-07-22,8,14,18,30,31,44,15,1784159450,6,44864459000
191,2006-07-29,5,6,24,25,32,37,8,2577114675,4,44534869000
192,2006-08-05,4,8,11,18,37,45,33,2445348375,4,42035065000
193,2006-08-12,6,14,18,26,36,39,13,3404449700,3,43788477000
194,2006-08-19,15,20,23,26,39,44,28,2650567875,4,44511515000
195,2006-08-26,7,10,19,22,35,40,31,918992591,11,44374725000
196,2006-09-02,35,36,37,41,44,45,30,727876520,15,45773496000
197,2006-09-09,7,12,16,34,42,45,4,1803018300,6,45993306000
198,2006-09-16,12,19,20,25,41,45,2,1797855050,6,45614021000
199,2006-09-23,14,21,22,25,30,36,43,5344252200,2,45021068000
200,2006-09-30,5,6,13,14,17,20,7,1344616613,8,46640423000
201,2006-10-07,3,11,24,38,39,44,26,9719465400,1,42254768000
202,2006-10-14,12,14,27,33,39,44,17,1893391700,6,48304034000
203,2006-10-21,1,3,11,24,30,32,7,2164564740,5,47033359000
204,2006-10-28,3,12,14,35,40,45,5,1358347125,8,46077750000
205,2006-11-04,1,3,21,29,35,37,30,1835221800,6,46330516000
206,2006-11-11,1,2,3,15,20,25,43,2032859340,5,44326979000
207,2006-11-18,3,11,14,31,32,37,38,2104673760,5,45282336000
208,2006-11-25,14,25,31,34,40,44,24,1760767400,6,45516378000
209,2006-12-02,2,7,18,20,24,33,37,1660896350,6,43753377000
210,2006-12-09,10,19,22,23,25,37,39,5139085950,2,44757963000
211,2006-12-16,12,13,17,20,33,41,8,1035800250,10,45332675000
212,2006-12-23,11,12,18,21,31,38,8,2660747250,4,46139120000
213,2006-12-30,2,3,4,5,20,24,42,1376678025,8,48745094000
214,2007-01-06,5,7,20,25,28,37,32,1406980875,8,49195740000
215,2007-01-13,2,3,7,15,43,44,4,1587689615,7,47675761000
216,2007-01-20,7,16,17,33,36,40,1,848506108,13,48342018000
217,2007-01-27,16,20,27,33,35,39,38,1611246172,7,48260644000
218,2007-02-03,1,8,14,18,29,44,20,2779075800,4,47018314000
219,2007-02-10,4,11,20,26,35,37,16,1208409167,9,46903745000
220,2007-02-17,5,11,19,21,34,43,31,1958094950,6,50383399000
221,2007-02-24,2,20,33,35,37,40,10,1800104250,6,47674135000
222,2007-03-03,5,7,28,29,39,43,44,2275193820,5,47735197000
223,2007-03-10,1,3,18,20,26,27,38,1498170600,7,46036874000
224,2007-03-17,4,19,26,27,30,42,7,1808969950,6,46435109000
225,2007-03-24,5,11,13,19,31,36,7,1777201800,6,46352016000
226,2007-03-31,2,6,8,14,21,22,34,1744100150,6,45145643000
227,2007-04-07,4,5,15,16,22,42,2,5253542400,2,44444776000
228,2007-04-14,17,25,35,36,39,44,23,1146700334,9,44764100000
229,2007-04-21,4,5,9,11,23,38,35,1451441100,7,44762989000
230,2007-04-28,5,11,14,29,32,33,12,1292929163,8,44191351000
231,2007-05-05,5,10,19,31,44,45,27,1088365900,9,42355627000
232,2007-05-12,8,9,10,12,24,44,35,1110918400,9,43564632000
233,2007-05-19,4,6,13,17,28,40,39,999153750,10,43516805000
234,2007-05-26,13,21,22,24,26,37,4,2519743875,4,42814085000
235,2007-06-02,21,22,26,27,31,37,8,3433330100,3,43347391000
236,2007-06-09,1,4,8,13,37,39,7,5030040150,2,42941871000
237,2007-06-16,1,11,17,21,24,44,33,1440630729,7,43358287000
238,2007-06-23,2,4,15,28,31,34,35,1121660567,9,42952477000
239,2007-06-30,11,15,24,39,41,44,7,1134140167,9,43296565000
240,2007-07-07,6,10,16,40,41,43,21,5098251450,2,43603443000
241,2007-07-14,2,16,24,27,28,35,21,2552016300,4,43246894000
242,2007-07-21,4,19,20,21,32,34,43,1234542375,8,42679760000
243,2007-07-28,2,12,17,19,28,42,34,2408850000,4,41304830000
244,2007-08-04,13,16,25,36,37,38,19,9121583100,1,39411047000
245,2007-08-11,9,11,27,31,32,38,22,1382583129,7,41854623000
246,2007-08-18,13,18,21,23,26,39,15,1911774240,5,41453154000
247,2007-08-25,12,15,28,36,39,40,13,1669313900,6,42231698000
248,2007-09-01,3,8,17,23,38,45,13,1227479363,8,42348403000
249,2007-09-08,3,8,27,31,41,44,11,1663568700,6,42539134000
250,2007-09-15,19,23,30,37,43,45,38,1994726280,5,42122808000
251,2007-09-22,6,7,19,25,28,38,45,1282616400,8,44493014000
252,2007-09-29,14,23,26,31,39,45,28,1391089715,7,41207920000
253,2007-10-06,8,19,25,31,34,36,33,2466189525,4,42309347000
254,2007-10-13,1,5,19,20,24,30,27,9741015900,1,42259113000
255,2007-10-20,1,5,6,24,27,42,32,1598618550,6,41425341000
256,2007-10-27,4,11,14,21,23,43,32,4891017000,2,41996580000
257,2007-11-03,6,13,27,31,32,37,4,2391377025,4,41433637000
258,2007-11-10,14,27,30,31,38,40,17,2426434350,4,41364428000
259,2007-11-17,4,5,14,35,42,45,34,4838533500,2,40905570000
260,2007-11-24,7,12,15,24,37,40,43,2310085575,4,40140211000
261,2007-12-01,6,11,16,18,31,43,2,3192299100,3,41215041000
262,2007-12-08,9,12,24,25,29,31,36,4518741600,2,39232234000
263,2007-12-15,1,27,28,32,37,40,18,1551704900,6,39677128000
264,2007-12-22,9,16,27,36,41,44,5,1344889200,7,39783178000
265,2007-12-29,5,9,34,37,38,39,12,1200838575,8,40913922000
266,2008-01-05,3,4,9,11,22,42,37,3207211700,3,41937067000
267,2008-01-12,7,8,24,34,36,41,1,3257663300,3,41835853000
268,2008-01-19,3,10,19,24,32,45,12,1350954515,7,41213802000
269,2008-01-26,5,18,20,36,42,43,32,1961399940,5,41357619000
270,2008-02-02,5,9,12,20,21,26,27,1927830060,5,41845351000
271,2008-02-09,3,8,9,27,29,40,36,1565918150,6,40879633000
272,2008-02-16,7,9,12,27,39,43,28,1104622800,9,43310674000
273,2008-02-23,1,8,24,31,34,44,6,3339543100,3,42816211000
274,2008-03-01,13,14,15,26,35,39,25,2505085575,4,42631711000
275,2008-03-08,14,19,20,35,38,40,26,10044066900,1,42329813000
276,2008-03-15,4,15,21,33,39,41,25,3312569000,3,42567610000
277,2008-03-22,10,12,13,15,25,29,20,3272627800,3,41868708000
278,2008-03-29,3,11,37,39,41,43,13,3186530000,3,41088180000
279,2008-04-05,7,16,31,36,37,38,11,1914205320,5,41130542000
280,2008-04-12,10,11,23,24,36,37,35,1355258529,7,40673999000
281,2008-04-19,1,3,4,6,14,41,12,1554683200,6,40800514000
282,2008-04-26,2,5,10,18,31,32,30,1322052643,7,41051175000
283,2008-05-03,6,8,18,31,38,45,42,3137224600,3,40133316000
284,2008-05-10,2,7,15,24,30,45,28,3117640300,3,39773403000
285,2008-05-17,13,33,37,40,41,45,2,3164370100,3,40364871000
286,2008-05-24,1,15,19,40,42,44,17,3236566300,3,40944483000
287,2008-05-31,6,12,24,27,35,37,41,1328657100,7,40623489000
288,2008-06-07,1,12,17,28,35,41,10,2357261550,4,39970134000
289,2008-06-14,3,14,33,37,38,42,10,,,39406643000
290,2008-06-21,8,13,18,32,39,45,7,2149214424,13,80362302000
291,2008-06-28,3,7,8,18,20,42,45,1450585200,7,44143418000
292,2008-07-05,17,18,31,32,33,34,10,720373950,14,43394631000
293,2008-07-12,1,9,17,21,29,33,24,1656764400,6,42399708000
294,2008-07-19,6,10,17,30,37,38,40,2406504975,4,41563813000
295,2008-07-26,1,4,12,16,18,38,8,,,42248135000
296,2008-08-02,3,8,15,27,30,45,44,3066088275,8,63377899000
297,2008-08-09,6,11,19,20,28,32,34,5056668750,2,43641475000
298,2008-08-16,5,9,27,29,37,40,19,9909778500,1,43151675000
299,2008-08-23,1,3,20,25,36,45,24,1483772529,7,44463909000
300,2008-08-30,7,9,10,12,26,38,39,836092425,12,44465047000
301,2008-09-06,7,11,13,33,37,43,26,1447385015,7,44377177000
302,2008-09-13,13,19,20,32,38,42,4,5472167250,2,46382605000
303,2008-09-20,2,14,17,30,38,45,43,1672749000,6,42841760000
304,2008-09-27,4,10,16,26,33,41,38,1661646150,6,43158653000
305,2008-10-04,7,8,18,21,23,39,9,2008210140,5,43960659000
306,2008-10-11,4,18,23,30,34,41,19,2102669520,5,44421462000
307,2008-10-18,5,15,21,23,25,45,12,2587643250,4,43880990000
308,2008-10-25,14,15,17,19,37,45,40,10232872800,1,43339416000
309,2008-11-01,1,2,5,11,18,36,22,901622946,11,44157528000
310,2008-11-08,1,5,19,28,34,41,16,1296713325,8,43718082000
311,2008-11-15,4,12,24,27,28,32,10,1237691063,8,43209215000
312,2008-11-22,2,3,5,6,12,20,25,629017820,15,42255391000
313,2008-11-29,9,17,34,35,43,45,2,1715422800,6,43672096000
314,2008-12-06,15,17,19,34,38,41,2,1660512200,6,42328094000
315,2008-12-13,1,13,33,35,43,45,23,1308728625,8,44339180000
316,2008-12-20,10,11,21,27,31,39,43,1673586400,6,44073768000
317,2008-12-27,3,10,11,22,36,39,8,2576258550,4,44135114000
318,2009-01-03,2,17,19,20,34,45,21,1207436600,9,46663728000
319,2009-01-10,5,8,22,28,33,42,37,2135659380,5,45435183000
320,2009-01-17,16,19,23,25,41,45,3,5513067900,2,46659886000
321,2009-01-24,12,18,20,21,25,34,42,1959136100,6,50617982000
322,2009-01-31,9,18,29,32,38,43,20,1904544700,6,48948294000
323,2009-02-07,10,14,15,32,36,42,3,1461025388,8,49209477000
324,2009-02-14,2,4,21,25,33,36,17,1865130350,6,47988317000
325,2009-02-21,7,17,20,32,44,45,33,1806122450,6,46636979000
326,2009-02-28,16,23,25,33,36,39,40,1832134550,6,47224551000
327,2009-03-07,6,12,13,17,32,44,24,882674750,12,45791560000
328,2009-03-14,1,6,9,16,17,28,24,1819795900,6,47316988000
329,2009-03-21,9,17,19,30,35,42,4,1830391200,6,47198504000
330,2009-03-28,3,4,16,17,19,20,23,1162280200,9,45859496000
331,2009-04-04,4,9,14,26,31,44,39,2165902620,5,46641467000
332,2009-04-11,16,17,34,36,42,45,3,1359448388,8,46042557000
333,2009-04-18,5,14,27,30,39,43,35,1550987143,7,46019070000
334,2009-04-25,13,15,21,29,39,43,33,1523002972,7,44439656000
335,2009-05-02,5,9,16,23,26,45,21,2037492480,5,43977478000
336,2009-05-09,3,5,20,34,35,44,16,1685632650,6,43069333000
337,2009-05-16,1,5,14,18,32,37,4,1257500513,8,43432467000
338,2009-05-23,2,13,34,38,42,45,16,3383431000,3,43136020000
339,2009-05-30,6,8,14,21,30,37,45,1096778334,9,42035640000
340,2009-06-06,18,24,26,29,34,38,32,1439393186,7,42892121000
341,2009-06-13,1,8,19,34,39,43,41,1497207772,7,44722448000
342,2009-06-20,1,13,14,33,34,43,25,3454095800,3,43782188000
343,2009-06-27,1,10,17,29,31,43,15,1717153000,6,43656460000
344,2009-07-04,1,2,15,28,34,45,38,1467106543,7,43838886000
345,2009-07-11,15,20,23,29,39,42,2,5203577550,2,43530937000
346,2009-07-18,5,13,14,22,44,45,33,2017727340,5,42862389000
347,2009-07-25,3,8,13,27,32,42,10,1456624286,7,44219740000
348,2009-08-01,3,14,17,20,24,31,34,3299994000,3,42786310000
349,2009-08-08,5,13,14,20,24,25,36,3353209000,3,43433870000
350,2009-08-15,1,8,18,24,29,33,35,1101052467,9,42681094000
351,2009-08-22,5,25,27,29,34,36,33,2583357150,4,43947492000
352,2009-08-29,5,16,17,20,26,41,24,1732858250,6,44719545000
353,2009-09-05,11,16,19,22,29,36,26,5290838250,2,44552925000
354,2009-09-12,14,19,36,43,44,45,1,2124464340,5,44709689000
355,2009-09-19,5,8,29,30,35,44,38,2145424800,5,45017050000
356,2009-09-26,2,8,14,25,29,45,24,1157185267,9,44684958000
357,2009-10-03,10,14,18,21,36,37,5,5313394350,2,45232409000
358,2009-10-10,1,9,10,12,21,40,37,3472654900,3,45651829000
359,2009-10-17,1,10,19,20,24,40,23,1286712600,8,45288256000
360,2009-10-24,4,16,23,25,35,40,27,3566716200,3,45719032000
361,2009-10-31,5,10,16,24,27,35,33,1473115115,7,45062676000
362,2009-11-07,2,3,22,27,30,40,29,1729424650,6,44336363000
363,2009-11-14,11,12,14,21,32,38,6,2615910600,4,44863948000
364,2009-11-21,2,5,7,14,16,40,4,2531914800,4,44192004000
365,2009-11-28,5,15,21,25,26,30,31,10697716800,1,45806066000
366,2009-12-05,5,12,19,26,27,44,38,5351553900,2,45962166000
367,2009-12-12,3,22,25,29,32,44,19,1581736586,7,46459307000
368,2009-12-19,11,21,24,30,39,45,26,1465825115,7,43746046000
369,2009-12-26,17,20,35,36,41,43,21,1842177750,6,46716275000
370,2010-01-02,16,18,24,42,44,45,17,1678941943,7,49762652000
371,2010-01-09,7,9,15,26,27,42,18,1524130543,7,45843166000
372,2010-01-16,8,11,14,16,18,21,13,1192593200,9,46167066000
373,2010-01-23,15,26,37,42,43,45,9,2791801125,4,47095065000
374,2010-01-30,11,13,15,17,25,34,26,5528717850,2,48081319000
375,2010-02-06,4,8,19,25,27,45,7,1581284058,7,47864938000
376,2010-02-13,1,11,13,24,28,40,7,1956915800,6,50657096000
377,2010-02-20,6,22,29,37,43,45,23,3912085400,3,49218434000
378,2010-02-27,5,22,29,31,34,39,43,2317698240,5,48866964000
379,2010-03-06,6,10,22,31,35,40,19,1598999786,7,47537685000
380,2010-03-13,1,2,8,17,26,37,27,2684274825,4,47164371000
381,2010-03-20,1,5,10,12,16,20,11,565738895,19,47943113000
382,2010-03-27,10,15,22,24,27,42,19,1846674900,6,47401288000
383,2010-04-03,4,15,28,33,37,40,25,3596522100,3,46067051000
384,2010-04-10,11,22,24,32,36,38,7,3658734200,3,46888942000
385,2010-04-17,7,12,19,21,29,32,9,1542032700,7,46243483000
386,2010-04-24,4,7,10,19,31,40,26,1042953330,10,45907331000
387,2010-05-01,1,26,31,34,40,43,20,2675533500,4,45459960000
388,2010-05-08,1,8,9,17,29,32,45,2545543875,4,44308705000
389,2010-05-15,7,16,18,20,23,26,3,2119027020,5,45534027000
390,2010-05-22,16,17,28,37,39,40,15,10373997900,1,44189673000
391,2010-05-29,10,11,18,22,28,39,30,10508749800,1,45161516000
392,2010-06-05,1,3,7,8,24,42,43,1713528700,6,45528684000
393,2010-06-12,9,16,28,40,41,43,21,1362003975,8,45989116000
394,2010-06-19,1,13,20,22,25,28,15,10654349100,1,45192337000
395,2010-06-26,11,15,20,26,31,35,7,1534635000,7,46192580000
396,2010-07-03,18,20,31,34,40,45,30,5296622400,2,45463736000
397,2010-07-10,12,13,17,22,25,33,8,3499519700,3,45890007000
398,2010-07-17,10,15,20,23,42,44,7,2680625550,4,45427304000
399,2010-07-24,1,2,9,17,19,42,20,1276854975,8,45551786000
400,2010-07-31,9,21,27,34,41,43,2,2669834325,4,45379731000
401,2010-08-07,6,12,18,31,38,43,9,1168214792,9,43491965000
402,2010-08-14,5,9,15,19,22,36,32,2662206188,4,45002946000
403,2010-08-21,10,14,22,24,28,37,26,2122396875,5,44911335000
404,2010-08-28,5,20,21,24,33,40,36,3566659375,3,45389825000
405,2010-09-04,1,2,10,25,26,44,4,3543878000,3,45220904000
406,2010-09-11,7,12,21,24,27,36,45,2156142450,5,46062206000
407,2010-09-18,6,7,13,16,24,25,1,1649707286,7,48429586000
408,2010-09-25,9,20,21,22,30,37,16,2235375825,5,46406711000
409,2010-10-02,6,9,21,31,32,40,38,2896989750,4,47924584000
410,2010-10-09,1,3,18,32,40,41,16,1249335709,9,47467817000
411,2010-10-16,11,14,22,35,37,39,5,953227563,12,47259122000
412,2010-10-23,4,7,39,41,42,45,40,1656199822,7,47066180000
413,2010-10-30,2,9,15,23,34,40,3,2814673500,4,46925724000
414,2010-11-06,2,14,15,22,23,44,43,11703832500,1,46910990000
415,2010-11-13,7,17,20,26,30,40,24,1334182407,8,46746048000
416,2010-11-20,5,6,8,11,22,26,44,1072037100,10,46854806000
417,2010-11-27,4,5,14,20,22,43,44,2818329938,4,45968256000
418,2010-12-04,11,13,15,26,28,34,31,1435649766,8,47058055000
419,2010-12-11,2,11,13,14,28,30,7,3796490750,3,46508296000
420,2010-12-18,4,9,10,29,31,34,27,1424856375,8,47345476000
421,2010-12-25,6,11,26,27,28,44,30,2321144325,5,47752021000
422,2011-01-01,8,15,19,21,34,44,12,2205251375,6,52730602000
423,2011-01-08,1,17,27,28,29,40,5,3896153875,3,49668311000
424,2011-01-15,10,11,26,31,34,44,30,1109480813,10,48728445000
425,2011-01-22,8,10,14,27,33,38,3,1534833000,8,50459694000
426,2011-01-29,4,17,18,27,39,43,19,3057233625,4,51466592000
427,2011-02-05,6,7,15,24,28,30,21,12571445625,1,52511055000
428,2011-02-12,12,16,19,22,37,40,8,1437683209,9,54685007000
429,2011-02-19,3,23,28,34,39,42,16,1485904709,9,53993833000
430,2011-02-26,1,3,16,18,30,34,44,1611763219,8,53194872000
431,2011-03-05,18,22,25,31,38,45,6,1268434013,10,51661947000
432,2011-03-12,2,3,5,11,27,39,33,2299427550,5,52348574000
433,2011-03-19,19,23,29,33,35,43,27,1182294410,11,52396606000
434,2011-03-26,3,13,20,24,33,37,35,1480060266,8,51579439000
435,2011-04-02,8,16,26,30,38,45,42,1287550013,10,52341267000
436,2011-04-09,9,14,20,22,33,34,28,1512266579,8,50869017000
437,2011-04-16,11,16,29,38,41,44,21,2096245438,6,50798417000
438,2011-04-23,6,12,20,26,29,38,45,1377142167,9,50370042000
439,2011-04-30,17,20,30,31,37,40,25,1900077375,6,49680708000
440,2011-05-07,10,22,28,34,36,44,2,1995873000,6,49810778000
441,2011-05-14,1,23,28,30,34,35,9,3170417063,4,50272122000
442,2011-05-21,25,27,29,36,38,40,41,1413413042,9,51219943000
443,2011-05-28,4,6,10,19,20,44,14,1327597584,9,51236072000
444,2011-06-04,11,13,23,35,43,45,17,4154188625,3,50673529000
445,2011-06-11,13,20,21,30,39,45,32,1791683036,7,50053080000
446,2011-06-18,1,11,12,14,26,35,6,4051247625,3,50595241000
447,2011-06-25,2,7,8,9,17,33,34,2657941125,4,49555042000
448,2011-07-02,3,7,13,27,40,41,36,4026212750,3,51341262000
449,2011-07-09,3,10,20,26,35,43,36,4059715250,3,50214272000
450,2011-07-16,6,14,19,21,23,31,13,1990391625,6,49732036000
451,2011-07-23,12,15,20,24,30,38,29,882138952,13,49861167000
452,2011-07-30,8,10,18,30,32,34,27,1276902000,9,48456758000
453,2011-08-06,12,24,33,38,40,42,30,2262732375,5,48055125000
454,2011-08-13,13,25,27,34,38,41,10,1609125590,7,48389211000
455,2011-08-20,4,19,20,26,30,35,24,1635711483,7,48769851000
456,2011-08-27,1,7,12,18,23,27,44,1598505054,7,49420681000
457,2011-09-03,8,10,18,23,27,40,33,1159902825,10,49679052000
458,2011-09-10,4,9,10,32,36,40,18,1608812625,8,53778256000
459,2011-09-17,4,6,10,14,25,40,12,1655842233,7,49890095000
460,2011-09-24,8,11,28,30,43,45,41,3180895782,4,51917635000
461,2011-10-01,11,18,26,31,37,40,43,1948674875,6,50624588000
462,2011-10-08,3,20,24,32,37,45,4,1483559297,8,49325555000
463,2011-10-15,23,29,31,33,34,44,40,,,49205151000
464,2011-10-22,6,12,15,34,42,44,4,3355721106,13,126772274000
465,2011-10-29,1,8,11,13,22,38,31,1923662893,7,57793294000
466,2011-11-05,4,10,13,23,32,44,20,1530313459,9,58314753000
467,2011-11-12,2,12,14,17,24,40,39,1435441084,9,57383906000
468,2011-11-19,8,13,15,28,37,43,17,1527197167,9,55598552000
469,2011-11-26,4,21,22,34,37,38,33,3330131250,4,53364940000
470,2011-12-03,10,16,20,39,41,42,27,4333330625,3,53912965000
471,2011-12-10,6,13,29,37,39,41,43,1939332858,7,53492340000
472,2011-12-17,16,25,26,31,36,43,44,1809656090,7,51929207000
473,2011-12-24,8,13,20,22,23,36,34,3250418063,4,52867236000
474,2011-12-31,4,13,18,31,33,45,43,936690800,15,58978482000
475,2012-01-07,1,9,14,16,21,29,3,1693923047,8,56043275000
476,2012-01-14,9,12,13,15,37,38,27,3439851469,4,55591819000
477,2012-01-21,14,25,29,32,33,45,37,1919011829,8,60801409000
478,2012-01-28,18,29,30,37,39,43,8,987224759,14,54975901000
479,2012-02-04,8,23,25,27,35,44,24,2233046500,6,54848834000
480,2012-02-11,3,5,10,17,30,31,16,2996742282,4,55415681000
481,2012-02-18,3,4,23,29,40,41,20,4639355750,3,55642616000
482,2012-02-25,1,10,16,24,25,35,43,1897921179,7,56201452000
483,2012-03-03,12,15,19,22,28,34,5,2567196675,5,55582659000
484,2012-03-10,1,3,27,28,32,45,11,2305303063,6,55885979000
485,2012-03-17,17,22,26,27,36,39,20,1501474917,9,55692878000
486,2012-03-24,1,2,23,25,38,40,43,1008634125,13,54540823000
487,2012-03-31,4,8,25,27,37,41,21,1638830766,8,55276503000
488,2012-04-07,2,8,17,30,31,38,25,1330393575,10,54213092000
489,2012-04-14,2,4,8,15,20,27,11,2106360625,6,53558490000
490,2012-04-21,2,7,26,29,40,43,42,1860234161,7,52590121000
491,2012-04-28,8,17,35,36,39,42,4,3304634438,4,53413874000
492,2012-05-05,22,27,31,35,37,40,42,2493013800,5,51693454000
493,2012-05-12,20,22,26,33,36,37,25,1451120334,9,53231838000
494,2012-05-19,5,7,8,15,30,43,22,1054588407,12,53321589000
495,2012-05-26,4,13,22,27,34,44,6,2111645000,6,53645960000
496,2012-06-02,4,13,20,29,36,41,39,3285932250,4,52915804000
497,2012-06-09,19,20,23,24,43,44,13,2222817813,6,52411585000
498,2012-06-16,13,14,24,32,39,41,3,3244503094,4,52851253000
499,2012-06-23,5,20,23,27,35,40,43,4070480250,3,52767632000
500,2012-06-30,3,4,12,20,24,34,41,1351072375,9,54012267000
501,2012-07-07,1,4,10,17,31,42,2,3025200094,4,52717711000
502,2012-07-14,6,22,28,32,34,40,26,2201458125,6,54000640000
503,2012-07-21,1,5,27,30,34,36,40,1853634911,7,53572205000
504,2012-07-28,6,14,22,26,43,44,31,1443236959,9,51787037000
505,2012-08-04,7,20,22,25,38,40,44,1917955188,6,49103223000
506,2012-08-11,6,9,11,22,24,30,31,4073333875,3,52363311000
507,2012-08-18,12,13,32,33,40,41,4,1416438875,9,53638773000
508,2012-08-25,5,27,31,34,35,43,37,1599557860,8,54010391000
509,2012-09-01,12,25,29,35,42,43,24,2689076100,5,53390358000
510,2012-09-08,12,29,32,33,39,40,42,2644158150,5,53964992000
511,2012-09-15,3,7,14,23,26,42,24,2165579250,6,53970308000
512,2012-09-22,4,5,9,13,26,27,1,940094452,13,54017801000
513,2012-09-29,5,8,21,23,27,33,12,4589624750,3,58317548000
514,2012-10-06,1,15,20,26,35,42,9,4451055500,3,54452404000
515,2012-10-13,2,11,12,15,23,37,8,13200466875,1,55258935000
516,2012-10-20,2,8,23,41,43,44,30,1294190182,11,56385762000
517,2012-10-27,1,9,12,28,36,41,10,2659057725,5,54468223000
518,2012-11-03,14,23,30,32,34,38,6,2263804125,6,55321566000
519,2012-11-10,6,8,13,16,30,43,3,1950601393,7,55614206000
520,2012-11-17,4,22,27,28,38,40,1,2167205438,6,55003797000
521,2012-11-24,3,7,18,29,32,36,19,1693420922,8,56185373000
522,2012-12-01,4,5,13,14,37,41,11,2281623000,6,57053378000
523,2012-12-08,1,4,37,38,40,45,7,1780355840,7,53678449000
524,2012-12-15,10,11,29,38,41,45,21,3491695594,4,55662103000
525,2012-12-22,11,23,26,29,39,44,22,1501132375,9,55566007000
526,2012-12-29,7,14,17,20,35,39,31,1491031959,9,56527807000
527,2013-01-05,1,12,22,32,33,42,38,1032386366,13,56985634000
528,2013-01-12,5,17,25,31,39,40,10,1197889125,11,57548541000
529,2013-01-19,18,20,24,27,31,42,39,1749114797,8,57645779000
530,2013-01-26,16,23,27,29,33,41,22,1231656239,11,56241083000
531,2013-02-02,1,5,9,21,27,35,45,1521519750,9,57567064000
532,2013-02-09,16,17,23,24,29,44,3,2216896286,7,61687384000
533,2013-02-16,9,14,15,17,31,33,23,1785671579,8,59275357000
534,2013-02-23,10,24,26,29,37,38,32,14215763250,1,59227462000
535,2013-03-02,11,12,14,15,18,39,34,4935603000,3,60523884000
536,2013-03-09,7,8,18,32,37,43,12,1308523603,11,59763469000
537,2013-03-16,12,23,26,30,36,43,11,2104038911,7,59453323000
538,2013-03-23,6,10,18,31,32,34,11,4688021625,3,59233373000
539,2013-03-30,3,19,22,31,42,43,26,1621036667,9,59168870000
540,2013-04-06,3,12,13,15,34,36,14,1989365250,7,56739658000
541,2013-04-13,8,13,26,28,32,34,43,1269327171,11,57087047000
542,2013-04-20,5,6,19,26,41,45,34,2335152563,6,56949161000
543,2013-04-27,13,18,26,31,34,44,12,1112934844,12,56570245000
544,2013-05-04,5,17,21,25,36,44,10,1046388433,13,56056189000
545,2013-05-11,4,24,25,27,34,35,2,1198994353,11,55967171000
546,2013-05-18,8,17,20,27,37,43,6,405939950,30,56713166000
547,2013-05-25,6,7,15,22,34,39,28,2838444450,5,57968466000
548,2013-06-01,1,12,13,21,32,45,14,1736871891,8,57771827000
549,2013-06-08,29,31,35,38,40,44,17,1760805047,8,56864611000
550,2013-06-15,1,7,14,20,34,37,41,1118679205,11,56441770000
551,2013-06-22,3,6,20,24,27,44,25,13526973750,1,56989370000
552,2013-06-29,1,10,20,32,35,40,43,1330824225,10,57602386000
553,2013-07-06,2,7,17,28,29,39,37,2249631438,6,56487483000
554,2013-07-13,13,14,17,32,41,42,6,6813893625,2,56124466000
555,2013-07-20,11,17,21,24,26,36,12,1711027360,8,57273817000
556,2013-07-27,12,20,23,28,30,44,43,2005209161,7,57374791000
557,2013-08-03,4,20,26,28,35,40,31,1888069286,7,55086560000
558,2013-08-10,12,15,19,26,40,43,29,1315913663,10,54939001000
559,2013-08-17,11,12,25,32,44,45,23,1926145608,7,55733418000
560,2013-08-24,1,4,20,23,29,45,28,1976697215,7,56565298000
561,2013-08-31,5,7,18,37,42,45,20,2753712225,5,56638383000
562,2013-09-07,4,11,13,17,20,31,33,1166694614,11,56288212000
563,2013-09-14,5,10,16,17,31,32,21,1932735643,7,57320132000
564,2013-09-21,14,19,25,26,27,34,2,1934801143,7,58012468000
565,2013-09-28,4,10,18,27,40,45,38,1742064469,8,59556622000
566,2013-10-05,4,5,6,25,26,43,41,3508951032,4,57666611000
567,2013-10-12,1,10,15,16,32,41,28,2318659438,6,57439471000
568,2013-10-19,1,3,17,20,31,44,40,1305167550,10,57681628000
569,2013-10-26,3,6,13,23,24,35,1,3467925188,4,58441902000
570,2013-11-02,1,12,26,27,29,33,42,1527791625,9,57654279000
571,2013-11-09,11,18,21,26,38,43,29,1966538465,7,56493528000
572,2013-11-16,3,13,18,33,37,45,1,1668216188,8,56473602000
573,2013-11-23,2,4,20,34,35,43,14,1645691766,8,56092721000
574,2013-11-30,14,15,16,19,25,43,2,6965184938,2,55882933000
575,2013-12-07,2,8,20,30,33,34,6,1699267875,8,56330738000
576,2013-12-14,10,11,15,25,35,41,13,4321966000,3,54691148000
577,2013-12-21,16,17,22,31,34,37,33,4484438375,3,57010827000
578,2013-12-28,5,12,14,32,34,42,16,2796466575,5,58584741000
579,2014-01-04,5,7,20,22,37,42,39,1396068444,11,63532871000
580,2014-01-11,5,7,9,11,32,35,33,2028610500,7,60514216000
581,2014-01-18,3,5,14,20,42,44,33,1844554547,8,60257457000
582,2014-01-25,2,12,14,33,40,41,25,3560558719,4,59306953000
583,2014-02-01,8,17,27,33,40,44,24,1341848353,11,62675295000
584,2014-02-08,7,18,30,39,40,41,36,5033183250,3,61343856000
585,2014-02-15,6,7,10,16,38,41,4,1620546334,9,60253002000
586,2014-02-22,2,7,12,15,21,34,5,1778354344,8,59502096000
587,2014-03-01,14,21,29,31,32,37,17,4974577375,3,59715499000
588,2014-03-08,2,8,15,22,25,41,30,2889342075,5,59533101000
589,2014-03-15,6,8,28,33,38,39,22,2136877983,7,60643729000
590,2014-03-22,20,30,36,38,41,45,23,2185183983,7,60003131000
591,2014-03-29,8,13,14,30,38,39,5,2964676200,5,59373946000
592,2014-04-05,2,5,6,13,28,44,43,2356381688,6,58097477000
593,2014-04-12,9,10,13,24,33,38,28,1532833500,9,59368204000
594,2014-04-19,2,8,13,25,28,37,3,1255592796,11,57764442000
595,2014-04-26,8,24,28,35,38,40,5,1744525219,8,57797288000
596,2014-05-03,3,4,12,14,25,43,17,1328267663,10,56561071000
597,2014-05-10,8,10,23,24,35,43,37,1057920606,13,56832361000
598,2014-05-17,4,12,24,33,38,45,22,833998594,16,57518550000
599,2014-05-24,5,12,17,29,34,35,27,1710918329,8,57381791000
600,2014-05-31,5,11,14,27,29,36,44,901798725,15,56372519000
601,2014-06-07,2,16,19,31,34,35,37,1524565209,9,55868455000
602,2014-06-14,13,14,22,27,30,38,2,1689530860,8,56262855000
603,2014-06-21,2,19,25,26,27,43,28,3452136563,4,56276650000
604,2014-06-28,2,6,18,21,33,34,30,1229141557,11,56266399000
605,2014-07-05,1,2,7,9,10,38,42,1394232250,9,56622924000
606,2014-07-12,1,5,6,14,20,39,22,1311566850,10,56928896000
607,2014-07-19,8,14,23,36,38,39,13,3494480907,4,56806213000
608,2014-07-26,4,8,18,19,39,44,41,1943530018,7,56146117000
609,2014-08-02,4,8,27,34,39,40,13,6339311438,2,54858201000
610,2014-08-09,14,18,20,23,28,36,33,3516018375,4,56862756000
611,2014-08-16,2,22,27,33,36,37,14,3502706157,4,57411079000
612,2014-08-23,6,9,18,19,25,33,40,1181705250,11,56931314000
613,2014-08-30,7,8,11,16,41,44,35,1549831209,9,57986249000
614,2014-09-06,8,21,25,39,40,44,18,2540975438,6,62301977000
615,2014-09-13,10,17,18,19,23,27,35,1535062417,9,59072378000
616,2014-09-20,5,13,18,23,40,45,3,1611811250,9,60303360000
617,2014-09-27,4,5,11,12,24,27,28,1629701860,8,58958123000
618,2014-10-04,8,16,25,30,42,43,15,2881326225,5,58550803000
619,2014-10-11,6,8,13,30,35,40,21,4612479375,3,58822925000
620,2014-10-18,2,16,17,32,39,45,40,2028283233,7,58342777000
621,2014-10-25,1,2,6,16,19,42,9,2359723500,6,59407216000
622,2014-11-01,9,15,16,21,28,34,24,1630598292,9,59601329000
623,2014-11-08,7,13,30,39,41,45,25,1813702594,8,58504142000
624,2014-11-15,1,7,19,26,27,35,16,2763729450,5,57832726000
625,2014-11-22,3,6,7,20,21,39,13,2765184675,5,58614979000
626,2014-11-29,13,14,26,33,40,43,15,1717871110,8,58986187000
627,2014-12-06,2,9,22,25,31,45,12,1352230650,10,55981334000
628,2014-12-13,1,7,12,15,23,42,11,1499942875,9,57253109000
629,2014-12-20,19,28,31,38,43,44,1,2919433575,5,57618701000
630,2014-12-27,8,17,21,24,27,31,15,4836305500,3,61335894000
631,2015-01-03,1,2,4,23,31,34,8,3919853532,4,65300621000
632,2015-01-10,15,18,21,32,35,44,6,1432587716,11,63066603000
633,2015-01-17,9,12,19,20,39,41,13,1217257094,12,62015797000
634,2015-01-24,4,10,11,12,20,27,38,1077935106,13,63149567000
635,2015-01-31,11,13,25,26,29,33,32,1855587235,8,62429621000
636,2015-02-07,6,7,15,16,20,31,26,1832362219,8,62786394000
637,2015-02-14,3,16,22,37,38,44,23,3899241094,4,63504865000
638,2015-02-21,7,18,22,24,31,34,6,2229403179,7,64319586000
639,2015-02-28,6,15,22,23,25,32,40,4061185219,4,66202599000
640,2015-03-07,14,15,18,21,26,35,23,1728768834,9,64080502000
641,2015-03-14,11,18,21,36,37,43,12,1990074563,8,63773134000
642,2015-03-21,8,17,18,24,39,45,32,1251460438,12,63544224000
643,2015-03-28,15,24,31,32,33,40,13,2535763625,6,63110068000
644,2015-04-04,5,13,17,23,28,36,8,1831451204,8,61846599000
645,2015-04-11,1,4,16,26,40,41,31,3696297750,4,62661756000
646,2015-04-18,2,9,24,41,43,45,30,2215498393,7,62308090000
647,2015-04-25,5,16,21,23,24,30,29,2189725608,7,62314338000
648,2015-05-02,13,19,28,37,38,43,4,2120987947,7,60874405000
649,2015-05-09,3,21,22,33,41,42,20,2948042100,5,60473178000
650,2015-05-16,3,4,7,11,31,41,35,2849298900,5,60991082000
651,2015-05-23,11,12,16,26,29,44,18,1855306454,8,61494891000
652,2015-05-30,3,13,15,40,41,44,20,3003483525,5,60426977000
653,2015-06-06,5,6,26,27,38,39,1,980958670,14,59716037000
654,2015-06-13,16,21,26,31,36,43,6,1879301391,8,60697813000
655,2015-06-20,7,37,38,39,40,44,18,1661439625,9,60434801000
656,2015-06-27,3,7,14,16,31,40,39,7330002750,2,61328118000
657,2015-07-04,10,14,19,39,40,43,23,1694762792,9,61769837000
658,2015-07-11,8,19,25,28,32,36,37,1634031375,9,61131243000
659,2015-07-18,7,18,19,27,29,42,45,1336604216,11,61677747000
660,2015-07-25,4,9,23,33,39,44,14,1421272575,10,60813322000
661,2015-08-01,2,3,12,20,27,38,40,1713025547,8,59597375000
662,2015-08-08,5,6,9,11,15,37,26,1689733688,8,59164542000
663,2015-08-15,3,5,8,19,38,42,20,2080244143,7,61100704000
664,2015-08-22,10,20,33,36,41,44,5,1536801338,10,61921689000
665,2015-08-29,5,6,11,17,38,44,13,3643230375,4,61885874000
666,2015-09-05,2,4,6,11,17,28,16,2396901063,6,62652917000
667,2015-09-12,15,17,25,37,42,43,13,2228764393,7,63421632000
668,2015-09-19,12,14,15,24,27,32,3,2991158625,5,63346405000
669,2015-09-26,7,8,20,29,33,38,9,2708173188,6,67952211000
670,2015-10-03,11,18,26,27,40,41,25,1191725219,12,62242687000
671,2015-10-10,7,9,10,13,31,35,24,3722322844,4,63940807000
672,2015-10-17,8,21,28,31,36,45,43,1754745000,9,63542330000
673,2015-10-24,7,10,17,29,33,44,5,1491453300,10,63163578000
674,2015-10-31,9,10,14,25,27,31,11,1770565500,8,61386974000
675,2015-11-07,1,8,11,15,18,45,7,3514549032,4,60458623000
676,2015-11-14,1,8,17,34,39,45,27,1879726500,8,62147642000
677,2015-11-21,12,15,24,36,41,44,42,1921114407,8,62267624000
678,2015-11-28,4,5,6,12,25,37,45,2288490188,6,60887293000
679,2015-12-05,3,5,7,14,26,34,35,2863005600,5,62220918000
680,2015-12-12,4,10,19,29,32,42,30,1110570563,14,64245201000
681,2015-12-19,21,24,27,29,43,44,7,2696328938,6,63268253000
682,2015-12-26,17,23,27,35,38,43,2,4063713563,4,66757858000
683,2016-01-02,6,13,20,27,28,40,15,1010930883,16,71940091000
684,2016-01-09,1,11,15,17,25,39,40,1688815709,9,66623887000
685,2016-01-16,6,7,12,28,38,40,18,1494367671,11,69126675000
686,2016-01-23,7,12,15,24,25,43,13,1937531719,8,65274010000
687,2016-01-30,1,8,10,13,28,42,45,2720029313,6,68044669000
688,2016-02-06,5,15,22,23,34,35,2,1967536750,9,73095612000
689,2016-02-13,7,17,19,30,36,38,34,2321775911,7,67460147000
690,2016-02-20,24,25,33,34,38,39,43,1126507625,15,69142025000
691,2016-02-27,15,27,33,35,43,45,16,2839296750,6,68590328000
692,2016-03-05,3,11,14,15,32,36,44,2301273697,7,66390499000
693,2016-03-12,1,6,11,28,34,42,30,1642763813,10,67352935000
694,2016-03-19,7,15,20,25,33,43,12,1555036388,10,67533257000
695,2016-03-26,4,18,26,33,34,38,14,1450214830,11,67672085000
696,2016-04-02,1,7,16,18,34,38,21,1632054413,10,67542971000
697,2016-04-09,2,5,8,11,33,39,31,1531443038,10,66966141000
698,2016-04-16,3,11,13,21,33,37,18,1921084125,8,66283268000
699,2016-04-23,4,5,8,16,21,29,3,1995411375,8,66743146000
700,2016-04-30,11,23,28,29,30,44,13,2082099188,8,66846276000
701,2016-05-07,3,10,14,16,36,38,35,1583183175,10,64454138000
702,2016-05-14,3,13,16,24,26,29,9,1465091387,11,66219854000
703,2016-05-21,10,28,31,33,41,44,21,3235784100,5,65728988000
704,2016-05-28,1,4,8,23,33,42,45,3865190344,4,65930117000
705,2016-06-04,1,6,17,22,28,45,23,3987206532,4,65859843000
706,2016-06-11,3,4,6,10,28,30,37,3831746063,4,65723488000
707,2016-06-18,2,12,19,24,39,44,35,1322167313,12,66813924000
708,2016-06-25,2,10,16,19,34,45,1,4099552219,4,66806307000
709,2016-07-02,10,18,30,36,39,44,32,1165271625,14,65592504000
710,2016-07-09,3,4,9,24,25,33,10,2895441150,5,65083972000
711,2016-07-16,11,15,24,35,37,45,42,2277413358,7,66152746000
712,2016-07-23,17,20,30,31,33,45,19,4034485125,4,66136318000
713,2016-07-30,2,5,15,18,19,23,44,1714720917,9,64646552000
714,2016-08-06,1,7,22,33,37,40,20,2085131733,7,64099989000
715,2016-08-13,2,7,27,33,41,44,10,2605510438,6,65794607000
716,2016-08-20,2,6,13,16,29,30,21,1358752157,12,67040169000
717,2016-08-27,2,11,19,25,28,32,44,2702433688,6,68597839000
718,2016-09-03,4,11,20,23,32,39,40,926166464,17,69400763000
719,2016-09-10,4,8,13,19,20,43,26,1879581334,9,71378392000
720,2016-09-17,1,12,29,34,36,37,41,1233770358,14,69939090000
721,2016-09-24,1,28,35,41,43,44,31,2273767360,8,71627567000
722,2016-10-01,12,14,21,30,39,43,45,4365422719,4,69446489000
723,2016-10-08,20,30,33,35,36,44,22,2114365360,8,67750231000
724,2016-10-15,2,8,33,35,37,41,14,1427789813,12,69987274000
725,2016-10-22,6,7,19,21,41,43,38,1579217250,11,70208676000
726,2016-10-29,1,11,21,23,34,44,24,1166872634,14,68799295000
727,2016-11-05,7,8,10,19,21,31,20,1115107742,14,67559139000
728,2016-11-12,3,6,10,30,34,37,36,3243464400,5,68306112000
729,2016-11-19,11,17,21,26,36,45,16,4198250719,4,68784161000
730,2016-11-26,4,10,14,15,18,22,39,2017382110,8,66934105000
731,2016-12-03,2,7,13,25,42,45,39,2340471054,7,69239673000
732,2016-12-10,2,4,5,17,27,32,43,2203270608,7,68645948000
733,2016-12-17,11,24,32,33,35,40,13,4016725125,4,69321488000
734,2016-12-24,6,16,37,38,41,45,18,1949395500,9,71457582000
735,2016-12-31,5,10,13,27,37,41,4,1847231588,10,77488209000
736,2017-01-07,2,11,17,18,21,27,6,3397362225,5,73510203000
737,2017-01-14,13,15,18,24,27,41,11,4283061000,4,70775944000
738,2017-01-21,23,27,28,38,42,43,36,1634191091,11,71768122000
739,2017-01-28,7,22,29,33,34,35,30,4744122282,4,77999661000
740,2017-02-04,4,8,9,16,17,19,31,936929792,18,75186520000
741,2017-02-11,5,21,27,34,44,45,16,3043595938,6,74392585000
742,2017-02-18,8,10,13,36,37,40,6,1111814813,16,73857792000
743,2017-02-25,15,19,21,34,41,44,10,2608641000,7,73436852000
744,2017-03-04,10,15,18,21,34,41,43,1155411575,15,73507293000
745,2017-03-11,1,2,3,9,12,23,10,746822982,20,73575119000
746,2017-03-18,3,12,33,36,42,45,25,2038623709,9,74239579000
747,2017-03-25,7,9,12,14,23,28,17,1903214584,9,73337880000
748,2017-04-01,3,10,13,22,31,32,29,1928246542,9,72750277000
749,2017-04-08,12,14,24,26,34,45,41,1350104395,13,72252889000
750,2017-04-15,1,2,15,19,24,36,12,2522104286,7,72248100000
751,2017-04-22,3,4,16,20,28,44,17,2097968110,8,71534233000
752,2017-04-29,4,16,20,33,40,43,7,1870358834,9,71600822000
753,2017-05-06,2,17,19,24,37,41,3,2711105063,6,68915001000
754,2017-05-13,2,8,17,24,29,31,32,3427542000,5,70765850000
755,2017-05-20,13,14,26,28,30,36,37,2214427266,8,71300635000
756,2017-05-27,10,14,16,18,27,28,4,3414434700,5,70992946000
757,2017-06-03,6,7,11,17,33,44,1,739839858,21,71053002000
758,2017-06-10,5,9,12,30,39,43,24,2078969954,8,71764259000
759,2017-06-17,9,33,36,40,42,43,32,3032670500,6,72632208000
760,2017-06-24,10,22,27,31,42,43,12,2253299391,8,72200797000
761,2017-07-01,4,7,11,24,42,45,30,2392730518,7,71415903000
762,2017-07-08,1,3,12,21,26,41,16,1631432063,10,70558895000
763,2017-07-15,3,8,16,32,34,43,10,2138130000,8,70652100000
764,2017-07-22,7,22,24,31,34,36,15,2459975465,7,70318932000
765,2017-07-29,1,3,8,12,42,43,33,1109214250,15,70972360000
766,2017-08-05,9,30,34,35,39,41,21,2173637297,8,69500769000
767,2017-08-12,5,15,20,31,34,42,22,1163768725,15,71285599000
768,2017-08-19,7,27,29,30,38,44,4,1363572260,13,72306975000
769,2017-08-26,5,7,11,16,41,45,4,1930760042,9,72873431000
770,2017-09-02,1,9,12,23,39,43,34,2163099329,8,74166379000
771,2017-09-09,6,10,17,18,21,29,30,4362644907,4,73545939000
772,2017-09-16,5,6,11,14,21,41,32,1769608838,10,74375369000
773,2017-09-23,8,12,19,21,31,35,44,1609403080,11,74560597000
774,2017-09-30,12,15,18,28,34,42,9,1709721512,11,77347021000
775,2017-10-07,11,12,29,33,38,42,17,3470437650,5,70795452000
776,2017-10-14,8,9,18,21,28,40,20,2557579393,7,74826082000
777,2017-10-21,6,12,17,21,34,37,18,833468036,21,75534360000
778,2017-10-28,6,21,35,36,37,41,11,6264069500,3,75075606000
779,2017-11-04,6,12,19,24,34,41,4,1527709296,11,73773676000
780,2017-11-11,15,17,19,21,27,45,16,1667520137,11,74232084000
781,2017-11-18,11,16,18,19,24,39,43,1882891542,9,72483157000
782,2017-11-25,6,18,31,34,38,45,20,1946487625,9,72253973000
783,2017-12-02,14,15,16,17,38,45,36,4603964625,4,73525256000
784,2017-12-09,3,10,23,24,31,39,22,1908678000,9,74311382000
785,2017-12-16,4,6,15,25,26,33,40,2886622688,6,72974563000
786,2017-12-23,12,15,16,20,24,30,38,4551365250,4,75930156000
787,2017-12-30,5,6,13,16,27,28,9,3092108313,6,79593923000
788,2018-01-06,2,10,11,19,35,39,29,1401475154,13,78121882000
789,2018-01-13,2,6,7,12,19,45,38,1140976825,15,76136603000
790,2018-01-20,3,8,19,27,30,41,12,1160516274,16,78978881000
791,2018-01-27,2,10,12,31,33,42,32,1253081893,14,74205844000
792,2018-02-03,2,7,19,25,29,36,16,2655736768,7,76339003000
793,2018-02-10,10,15,21,35,38,43,31,3750146775,5,76177477000
794,2018-02-17,6,7,18,19,30,38,13,2650940304,7,79941579000
795,2018-02-24,3,10,13,26,34,38,36,1714977000,11,79661342000
796,2018-03-03,1,21,26,36,40,41,5,2763490340,7,77685943000
797,2018-03-10,5,22,31,32,39,45,36,2397028125,8,77339940000
798,2018-03-17,2,10,14,22,32,36,41,2710791911,7,77038759000
799,2018-03-24,12,17,23,34,42,45,33,1826427225,10,76708986000
800,2018-03-31,1,4,10,12,28,45,26,1632246205,11,76994062000
801,2018-04-07,17,25,28,37,43,44,2,2256786657,8,74034792000
802,2018-04-14,10,11,12,18,24,42,27,1082947993,16,75146781000
803,2018-04-21,5,9,14,26,30,43,2,3663810225,5,75670793000
804,2018-04-28,1,10,13,26,32,36,9,1631996523,11,74557028000
805,2018-05-05,3,12,13,18,31,32,42,4266061969,4,73065981000
806,2018-05-12,14,20,23,31,37,38,27,2640760875,7,74030583000
807,2018-05-19,6,10,18,25,34,35,33,2437662322,7,73831580000
808,2018-05-26,15,21,31,32,41,43,24,3087620500,6,74911438000
809,2018-06-02,6,11,15,17,23,40,39,2921372750,6,74214104000
810,2018-06-09,5,10,13,21,39,43,11,2231598047,8,74388355000
811,2018-06-16,8,11,19,21,36,45,25,2524148197,7,74570813000
812,2018-06-23,1,3,12,14,16,43,10,2947954750,6,74147816000
813,2018-06-30,11,30,34,35,42,44,27,4591763157,4,73394947000
814,2018-07-07,2,21,28,38,42,45,30,3067192063,6,74316543000
815,2018-07-14,17,21,25,26,27,36,4,2579855358,7,73416400000
816,2018-07-21,12,18,19,29,31,39,7,2128107938,8,72397826000
817,2018-07-28,3,9,12,13,25,43,34,1868477334,9,72552766000
818,2018-08-04,14,15,25,28,29,30,3,1380804318,13,71793353000
819,2018-08-11,16,25,33,38,40,45,15,2594534840,7,74578907000
820,2018-08-18,10,21,22,30,35,42,6,4627313532,4,75744571000
821,2018-08-25,1,12,13,24,29,44,16,1316155956,14,76118239000
822,2018-09-01,9,18,20,24,27,36,12,5930898625,3,75681739000
823,2018-09-08,12,18,24,26,39,40,15,2009843917,9,77400124000
824,2018-09-15,7,9,24,29,34,38,26,1256646550,15,78257422000
825,2018-09-22,8,15,21,31,33,38,42,1658710563,12,82890578000
826,2018-09-29,13,16,24,25,33,36,42,2075192084,9,78218740000
827,2018-10-06,5,11,12,29,33,44,14,1206500375,15,76490125000
828,2018-10-13,4,7,13,29,31,39,18,1455185972,13,77552827000
829,2018-10-20,4,5,31,35,43,45,29,2444650641,8,77998807000
830,2018-10-27,5,6,16,18,37,38,17,2060528750,9,77714000000
831,2018-11-03,3,10,16,19,31,39,9,1110702258,16,77622753000
832,2018-11-10,13,14,19,26,40,43,30,2088204584,9,77411900000
833,2018-11-17,12,18,30,39,41,42,19,2356317282,8,77738402000
834,2018-11-24,6,8,18,35,42,43,3,1690693671,11,75941791000
835,2018-12-01,9,10,13,28,38,45,35,1233681125,15,77694435000
836,2018-12-08,1,9,11,14,26,28,19,1257843670,14,74536697000
837,2018-12-15,2,25,28,30,33,45,6,3144449125,6,76614176000
838,2018-12-22,9,14,17,33,36,38,20,3813733050,5,79414484000
839,2018-12-29,3,9,11,12,13,19,35,1359454904,13,79219710000
840,2019-01-05,2,4,11,28,29,43,27,2042961788,10,84057771000
841,2019-01-12,5,11,14,30,33,38,24,1116095714,17,81580789000
842,2019-01-19,14,26,32,36,39,42,38,2035475025,10,81957444000
843,2019-01-26,19,21,30,33,34,42,4,4012970100,5,81857498000
844,2019-02-02,7,8,13,15,33,45,18,1162963542,18,87805610000
845,2019-02-09,1,16,29,33,40,45,6,1891217182,11,83884034000
846,2019-02-16,5,18,30,41,43,45,13,1596884395,13,83936839000
847,2019-02-23,12,16,26,28,30,42,22,2520846657,8,83782512000
848,2019-03-02,1,2,16,22,38,39,34,3011580858,7,84523266000
849,2019-03-09,5,13,17,29,34,39,3,1158252883,17,82333674000
850,2019-03-16,16,20,24,28,36,39,5,3377587875,6,81474176000
851,2019-03-23,14,18,22,26,31,44,40,2483692313,8,81099116000
852,2019-03-30,11,17,28,30,33,35,9,4801543407,4,81470793000
853,2019-04-06,2,8,23,26,27,44,13,2885006786,7,82244370000
854,2019-04-13,20,25,31,32,36,43,3,3421706750,6,81823338000
855,2019-04-20,8,15,17,19,43,44,7,2269510500,9,82374732000
856,2019-04-27,10,24,40,41,43,44,17,3977927550,5,80496424000
857,2019-05-04,6,10,16,28,34,38,43,1284915425,15,80933117000
858,2019-05-11,9,13,32,38,39,43,23,2202347459,9,81366889000
859,2019-05-18,8,22,35,38,39,41,24,1853927489,11,80944223000
860,2019-05-25,4,8,18,25,27,32,42,1879899825,10,81846672000
861,2019-06-01,11,17,19,21,22,25,24,4872108844,4,81032551000
862,2019-06-08,10,34,38,40,42,43,32,2190922709,9,80609005000
863,2019-06-15,16,21,28,35,39,43,12,2853357322,7,81288540000
864,2019-06-22,3,7,10,13,25,36,32,1716553637,11,82220290000
865,2019-06-29,3,15,22,32,33,45,2,1551729145,13,81748217000
866,2019-07-06,9,15,29,34,37,39,12,2240409000,9,81961886000
867,2019-07-13,14,17,19,22,24,40,41,3933755250,5,81607190000
868,2019-07-20,12,17,28,41,43,44,25,3233804250,6,80549078000
869,2019-07-27,2,6,20,27,37,39,4,1922582588,10,80268389000
870,2019-08-03,21,25,30,32,40,42,31,1928842988,10,78688663000
871,2019-08-10,2,6,12,26,30,34,38,2718071358,7,79527502000
872,2019-08-17,2,4,30,32,33,43,29,1262705579,16,81002518000
873,2019-08-24,3,5,12,13,33,39,38,1874553225,10,82375586000
874,2019-08-31,1,15,19,23,28,42,32,1117123917,18,82990138000
875,2019-09-07,19,22,30,34,39,44,36,1415946724,14,80635281000
876,2019-09-14,5,16,21,26,34,42,24,1090657856,19,85088368000
877,2019-09-21,5,17,18,22,23,43,12,1716607188,12,84584730000
878,2019-09-28,2,6,11,16,25,31,3,3207993500,6,84183676000
879,2019-10-05,1,4,10,14,15,35,20,3206361313,6,83174251000
880,2019-10-12,7,17,19,23,24,45,38,2837810465,7,83862502000
881,2019-10-19,4,18,20,26,27,32,9,2503212282,8,84495552000
882,2019-10-26,18,34,39,43,44,45,23,4127270400,5,84351602000
883,2019-11-02,9,18,32,33,37,44,22,1360519525,15,85624171000
884,2019-11-09,4,14,23,28,37,45,17,1799077282,12,86554613000
885,2019-11-16,1,3,24,27,39,45,31,1543832568,13,83396319000
886,2019-11-23,19,23,28,37,42,45,2,2974643786,7,84186094000
887,2019-11-30,8,14,17,27,36,45,10,2535268688,8,84416872000
888,2019-12-07,3,7,12,31,34,38,32,2370359204,8,82777313000
889,2019-12-14,3,13,29,38,39,42,26,2108986950,10,86734222000
890,2019-12-21,1,4,14,18,29,37,6,2335486167,9,86693498000
891,2019-12-28,9,13,28,31,39,41,19,3082673947,7,89742677000
892,2020-01-04,4,9,17,18,26,42,36,1282017464,17,93091115000
893,2020-01-11,1,15,17,23,25,41,10,2377433625,9,87661567000
894,2020-01-18,19,32,37,40,41,43,45,2377935959,9,88465183000
895,2020-01-25,16,26,31,38,39,41,23,1928079219,12,96962255000
896,2020-02-01,5,12,25,26,38,45,23,3053222036,7,90461998000
897,2020-02-08,6,7,12,22,26,36,29,1619922520,13,88231474000
898,2020-02-15,18,21,28,35,37,42,17,2639313235,8,90067839000
899,2020-02-22,8,19,20,21,33,39,37,3359356063,6,85877347000
900,2020-02-29,7,13,16,18,35,38,14,3349851375,6,83639372000
901,2020-03-07,5,18,20,23,30,34,21,2267974667,9,84783962000
902,2020-03-14,7,19,23,24,36,39,30,1619317529,13,87501981000
903,2020-03-21,2,15,16,21,22,28,45,1684582212,13,88625160000
904,2020-03-28,2,6,8,26,43,45,11,2718077813,8,88938220000
905,2020-04-04,3,4,16,27,38,40,20,3017862536,7,90357634000
906,2020-04-11,2,5,14,28,31,32,20,2472607250,9,90948274000
907,2020-04-18,21,27,29,38,40,44,37,3165059036,7,89331282000
908,2020-04-25,3,16,21,22,23,44,30,2834856141,8,89923601000
909,2020-05-02,7,24,29,30,34,35,33,2021062875,11,89543261000
910,2020-05-09,1,11,17,27,35,39,31,941316375,21,86308857000
911,2020-05-16,4,5,12,14,32,42,35,2113538625,10,89332410000
912,2020-05-23,5,8,18,21,22,38,10,1493500581,14,88599155000
913,2020-05-30,6,14,16,21,27,37,40,1338755602,16,89336949000
914,2020-06-06,16,19,24,33,42,44,27,1950005557,11,89558503000
915,2020-06-13,2,6,11,13,22,37,14,3518640500,6,87862418000
916,2020-06-20,6,21,22,32,35,36,17,2025384341,11,89133044000
917,2020-06-27,1,3,23,24,27,43,34,2144799638,10,88950867000
918,2020-07-04,7,11,12,31,33,38,5,1117622646,18,89200857000
919,2020-07-11,9,14,17,18,42,44,35,4305150450,5,90218056000
920,2020-07-18,2,3,26,33,34,43,29,3120260197,7,89805177000
921,2020-07-25,5,7,12,22,28,41,1,1232573405,17,89888341000
922,2020-08-01,2,6,13,17,27,43,36,3417904500,6,89266682000
923,2020-08-08,3,17,18,23,36,41,26,2667554625,8,87867402000
924,2020-08-15,3,11,34,42,43,44,13,2382430667,9,87708256000
925,2020-08-22,13,24,32,34,39,42,4,1771080532,12,87901067000
926,2020-08-29,10,16,18,20,25,31,6,2032490663,10,88372251000
927,2020-09-05,4,15,22,38,41,43,26,3714203875,6,91067752000
928,2020-09-12,3,4,10,20,28,44,30,3134591358,7,90818982000
929,2020-09-19,7,9,12,15,19,23,4,1308035157,16,92344620000
930,2020-09-26,8,21,25,38,39,44,28,2832418829,8,94518415000
931,2020-10-03,14,15,23,25,35,43,32,2957108063,8,95695802000
932,2020-10-10,1,6,15,36,37,38,5,3390022983,7,96049289000
933,2020-10-17,23,27,29,31,36,45,37,2927797079,8,93484851000
934,2020-10-24,1,3,30,33,36,39,12,5765772844,4,93028347000
935,2020-10-31,4,10,20,32,38,44,18,1711055424,13,93934898000
936,2020-11-07,7,11,13,17,18,29,43,1492069179,14,92246146000
937,2020-11-14,2,10,13,22,29,40,26,2058420819,11,93720454000
938,2020-11-21,4,8,10,16,31,36,9,2249466563,10,93452425000
939,2020-11-28,4,11,28,39,42,45,6,1708363039,13,93340002000
940,2020-12-05,3,15,20,22,24,41,11,2846071079,8,93920183000
941,2020-12-12,12,14,25,27,39,40,35,1347297422,16,94867600000
942,2020-12-19,10,12,18,35,42,43,39,3761680313,6,92731965000
943,2020-12-26,1,8,13,36,44,45,39,3435045108,7,100081432000
944,2021-01-02,2,13,16,19,32,33,42,1961836356,13,107181377000
945,2021-01-09,9,10,15,30,33,37,26,1765554491,13,94837109000
946,2021-01-16,9,18,19,30,34,40,20,2157656182,11,99380178000
947,2021-01-23,3,8,17,20,27,35,26,1275855750,18,99449916000
948,2021-01-30,13,18,30,31,38,41,5,2188548716,11,100519459000
949,2021-02-06,14,21,35,36,40,44,30,2458569713,10,100518909000
950,2021-02-13,3,4,15,22,28,40,10,3281920500,8,108870714000
951,2021-02-20,2,12,30,31,39,43,38,1747552661,14,102937006000
952,2021-02-27,4,12,22,24,33,41,38,2713699834,9,102355646000
953,2021-03-06,7,9,22,27,37,42,34,1640636009,14,99180891000
954,2021-03-13,1,9,26,28,30,41,32,2478795900,10,101455314000
955,2021-03-20,4,9,23,26,29,33,8,2023170188,12,99784736000
956,2021-03-27,10,11,20,21,25,41,40,2022982671,11,97065255000
957,2021-04-03,4,15,24,35,36,40,1,2126634137,11,96654698000
958,2021-04-10,2,9,10,16,35,37,1,1596119675,15,98635947000
959,2021-04-17,1,14,15,24,40,41,35,3015312891,8,97435835000
960,2021-04-24,2,18,24,30,32,45,14,2401133213,10,98784879000
961,2021-05-01,11,20,29,31,33,42,43,2575231209,9,97153309000
962,2021-05-08,1,18,28,31,34,43,40,1940906094,12,95956365000
963,2021-05-15,6,12,19,23,34,42,35,1476478125,15,95452215000
964,2021-05-22,6,21,36,38,39,43,30,2345861063,10,95549895000
965,2021-05-29,2,13,25,28,29,36,34,3403348929,7,96174650000
966,2021-06-05,1,21,25,29,34,37,36,2411303513,10,95640447000
967,2021-06-12,1,6,13,37,38,40,9,5809776094,4,94515565000
968,2021-06-19,2,5,12,14,24,39,33,1667729683,13,95924229000
969,2021-06-26,3,9,10,29,40,45,7,1149427894,20,96728751000
970,2021-07-03,9,11,16,21,28,36,5,1611544045,14,93268371000
971,2021-07-10,2,6,17,18,21,26,7,3725880250,6,94471924000
972,2021-07-17,3,6,17,23,37,39,26,1124886244,20,93916813000
973,2021-07-24,22,26,31,37,41,42,24,2912742750,8,93953872000
974,2021-07-31,1,2,11,16,39,44,32,1317034523,17,94146055000
975,2021-08-07,7,8,9,17,22,24,5,2440410375,9,94253719000
976,2021-08-14,4,12,14,25,35,37,2,3243867215,7,97492178000
977,2021-08-21,2,9,10,14,22,44,16,1669905911,14,95895844000
978,2021-08-28,1,7,15,32,34,42,8,2373391388,10,98855197000
979,2021-09-04,7,11,16,21,27,33,24,1606400518,14,99507886000
980,2021-09-11,3,13,16,23,24,35,14,3409443215,7,99593380000
981,2021-09-18,27,36,37,41,43,45,32,1992863193,13,105645424000
982,2021-09-25,5,7,13,20,21,44,33,3023630672,8,101344251000
983,2021-10-02,13,23,26,31,35,43,15,2503422225,10,101899006000
984,2021-10-09,3,10,23,35,36,37,18,3453006268,7,98762367000
985,2021-10-16,17,21,23,30,34,44,19,2434752975,10,98811446000
986,2021-10-23,7,10,16,28,41,42,40,2375275125,10,99041240000
987,2021-10-30,2,4,15,23,29,38,7,2378711625,10,100269530000
988,2021-11-06,2,13,20,30,31,41,27,2678489375,9,98606195000
989,2021-11-13,17,18,21,27,29,33,26,5826768563,4,96525658000
990,2021-11-20,2,4,25,26,36,37,28,1740095277,14,99567047000
991,2021-11-27,13,18,25,31,33,44,38,2904166032,8,98026282000
992,2021-12-04,12,20,26,33,44,45,24,1986955563,12,97066498000
993,2021-12-11,6,14,16,18,24,42,44,3991197063,6,99323653000
994,2021-12-18,1,3,8,24,27,35,28,1861582063,12,95530936000
995,2021-12-25,1,4,13,29,38,39,7,3447271875,7,100878455000
996,2022-01-01,6,11,15,24,32,39,28,1491185771,18,112624327000
997,2022-01-08,4,7,14,16,24,44,20,1253749560,19,102431961000
998,2022-01-15,13,17,18,20,42,45,41,2076499657,12,101681869000
999,2022-01-22,1,3,9,14,18,28,34,1513274790,16,102581351000
1000,2022-01-29,2,8,19,22,32,42,39,1246819620,22,118628811000
1001,2022-02-05,6,10,12,14,20,42,15,2077279594,12,103967487000
1002,2022-02-12,17,25,33,35,38,45,15,3088449563,8,105795484000
1003,2022-02-19,1,4,29,39,43,45,31,1811116822,14,103479378000
1004,2022-02-26,7,15,30,37,39,44,18,2576251913,10,106112471000
1005,2022-03-05,8,13,18,24,27,29,17,2061199344,12,103755249000
1006,2022-03-12,8,11,15,16,17,37,36,2855602125,9,104542431000
1007,2022-03-19,8,11,16,19,21,25,40,2718786375,9,101530003000
1008,2022-03-26,9,11,30,31,41,44,33,2267377910,11,103727042000
1009,2022-04-02,15,23,29,34,40,44,20,1702462825,15,103771363000
1010,2022-04-09,9,12,15,25,34,36,3,3119380079,8,103011505000
1011,2022-04-16,1,9,12,26,35,38,42,2220348512,11,101799373000
1012,2022-04-23,5,11,18,20,35,45,3,1861944318,13,101948323000
1013,2022-04-30,21,22,26,34,36,41,32,5047570725,5,101747653000
1014,2022-05-07,3,11,14,18,26,27,21,2410449338,10,102396369000
1015,2022-05-14,14,23,31,33,37,40,44,3051105610,8,102562683000
1016,2022-05-21,15,26,28,34,41,42,44,2260660671,11,101583153000
1017,2022-05-28,12,18,22,23,30,34,32,3517684822,7,101382790000
1018,2022-06-04,3,19,21,25,37,45,35,12361744688,2,101151805000
1019,2022-06-11,1,4,13,17,34,39,6,438565140,50,102804882000
1020,2022-06-18,12,27,29,38,41,45,6,1966431520,13,104996396000
1021,2022-06-25,12,15,17,24,29,45,16,2108962250,12,101960162000
1022,2022-07-02,5,6,11,29,42,45,28,4866468075,5,99233031000
1023,2022-07-09,10,14,16,18,29,35,25,2745677875,9,100399659000
1024,2022-07-16,9,18,20,22,38,44,10,3020323500,8,100081038000
1025,2022-07-23,8,9,20,25,29,33,7,6118853344,4,101318529000
1026,2022-07-30,5,12,13,31,32,41,34,1619118475,15,101556379000
1027,2022-08-06,14,16,27,35,39,45,5,2460504338,10,101195159000
1028,2022-08-13,5,7,12,13,18,35,23,1181235132,20,100613537000
1029,2022-08-20,12,30,32,37,39,41,24,2527848450,10,101336312000
1030,2022-08-27,2,5,11,17,24,29,9,1276406507,19,104899923000
1031,2022-09-03,6,7,22,32,35,36,19,3213957563,8,104316078000
1032,2022-09-10,1,6,12,19,36,42,28,2675257538,10,110907011000
1033,2022-09-17,3,11,15,20,35,44,10,1913414943,13,104642258000
1034,2022-09-24,26,31,32,33,38,40,11,2868856209,9,107150089000
1035,2022-10-01,9,14,34,35,41,42,2,3231193735,8,106759523000
1036,2022-10-08,2,5,22,32,34,45,39,2837323167,9,103753936000
1037,2022-10-15,2,14,15,22,27,33,31,1708576825,15,104840173000
1038,2022-10-22,7,16,24,27,37,44,2,1627457225,15,104932409000
1039,2022-10-29,2,3,6,19,36,39,26,1585019672,16,105259066000
1040,2022-11-05,8,16,26,29,31,36,11,3660482625,7,104007239000
1041,2022-11-12,6,7,9,11,17,18,45,935091165,25,105301601000
1042,2022-11-19,5,14,15,23,34,43,4,1240663669,20,106510259000
1043,2022-11-26,3,5,12,22,26,31,19,1468646956,17,107045942000
1044,2022-12-03,12,17,20,26,28,36,4,3136941235,8,102891973000
1045,2022-12-10,6,14,15,19,21,41,37,1990060443,13,105380282000
1046,2022-12-17,7,16,25,29,35,36,28,2011415719,12,100923993000
1047,2022-12-24,2,20,33,40,42,44,32,2748797875,9,103058179000
1048,2022-12-31,6,12,17,21,32,39,30,1612494508,17,117323901000
1049,2023-01-07,3,5,13,20,21,37,17,1727810100,15,108444724000
1050,2023-01-14,6,12,31,35,38,43,17,1535083280,17,108072602000
1051,2023-01-21,21,26,30,32,33,35,44,1669558480,18,119243907000
1052,2023-01-28,5,17,26,27,35,38,1,2341682762,11,107565461000
1053,2023-02-04,22,26,29,30,34,45,15,4090367411,7,113721665000
1054,2023-02-11,14,19,27,28,30,45,33,3147925709,9,113660567000
1055,2023-02-18,4,7,12,14,22,33,31,2362815205,11,112488256000
1056,2023-02-25,13,20,24,32,36,45,29,1969662456,14,113279615000
1057,2023-03-04,8,13,19,27,40,45,12,1616069714,17,112523887000
1058,2023-03-11,11,23,25,30,32,40,42,2058020250,13,112041382000
1059,2023-03-18,7,10,22,25,34,40,27,2033168481,13,110846824000
1060,2023-03-25,3,10,24,33,38,45,36,898238907,28,110677185000
1061,2023-04-01,4,24,27,35,37,45,15,2422768773,11,109909344000
1062,2023-04-08,20,31,32,40,41,45,12,3801933804,7,107109911000
1063,2023-04-15,3,6,22,23,24,38,30,3770311875,7,108347135000
1064,2023-04-22,3,6,9,18,22,35,14,1348168106,19,109427584000
1065,2023-04-29,3,18,19,23,32,45,24,1852593938,14,108181727000
1066,2023-05-06,6,11,16,19,21,32,45,1670947250,15,106440950000
1067,2023-05-13,7,10,19,23,28,33,18,1981114010,13,110703299000
1068,2023-05-20,4,7,19,26,33,35,3,1363929514,19,108988932000
1069,2023-05-27,1,10,18,22,28,31,44,1863217554,14,108388892000
1070,2023-06-03,3,6,14,22,30,41,36,1859116929,14,107222802000
1071,2023-06-10,1,2,11,21,30,35,39,5183979750,5,107362630000
1072,2023-06-17,16,18,20,23,32,43,27,2175006375,12,108156654000
1073,2023-06-24,6,18,28,30,32,38,15,2345227603,11,107352123000
1074,2023-07-01,1,6,20,27,28,41,15,2134763657,12,105744157000
1075,2023-07-08,1,23,24,35,44,45,10,2896337167,9,105635232000
1076,2023-07-15,3,7,9,33,36,37,10,2672689750,9,103168694000
1077,2023-07-22,4,8,17,30,40,43,34,3570901018,7,105927489000
1078,2023-07-29,6,10,11,14,36,38,43,2141604938,12,105407618000
1079,2023-08-05,4,8,18,24,37,45,6,2712329417,9,103120206000
1080,2023-08-12,13,16,23,31,36,44,38,3639444429,7,104111986000
1081,2023-08-19,1,9,16,23,24,38,17,2343892944,11,106974323000
1082,2023-08-26,21,26,27,32,34,42,31,3720489643,7,107566880000
1083,2023-09-02,3,7,14,15,22,38,17,1713084525,15,108995141000
1084,2023-09-09,8,12,13,29,33,42,5,1738764600,15,109818924000
1085,2023-09-16,4,7,17,18,38,44,36,1073277473,23,106249975000
1086,2023-09-23,11,16,25,27,35,36,37,1515913809,17,109250306000
1087,2023-09-30,13,14,18,21,34,44,16,1732253602,16,113960897000
1088,2023-10-07,11,21,22,30,39,44,31,2434697898,11,109089305000
1089,2023-10-14,4,18,31,37,42,43,40,2978522167,9,108725932000
1090,2023-10-21,12,19,21,29,40,45,1,2386494614,11,108364862000
1091,2023-10-28,6,20,23,24,28,30,44,2898470459,9,109335581000
1092,2023-11-04,7,18,19,26,33,45,37,1583289844,16,108970510000
1093,2023-11-11,10,17,22,30,35,43,44,1967040750,13,105589036000
1094,2023-11-18,6,7,15,22,26,40,41,2112854469,12,104078823000
1095,2023-11-25,8,14,28,29,34,40,12,2617825575,10,106160572000
1096,2023-12-02,1,12,16,19,23,43,34,2539391175,10,105753078000
1097,2023-12-09,14,33,34,35,37,40,4,3864293090,7,108873101000
1098,2023-12-16,12,16,21,24,41,43,15,1930461895,13,103850339000
1099,2023-12-23,3,20,28,38,40,43,4,2959934125,9,107510729000
1100,2023-12-30,17,26,29,30,31,43,12,2207575472,13,116187023000
1101,2024-01-06,6,7,13,28,36,42,41,2100529500,13,114758876000
1102,2024-01-13,13,14,22,26,37,38,20,1383591413,20,113178102000
1103,2024-01-20,10,12,29,31,40,44,2,1574419633,17,110195070000
1104,2024-01-27,1,7,21,30,35,38,2,1817193100,15,112449384000
1105,2024-02-03,6,16,34,37,39,40,11,1834853800,15,113295292000
1106,2024-02-10,1,3,4,29,42,45,36,2790462819,11,126617296000
1107,2024-02-17,6,14,30,31,40,41,29,2025625233,14,117664962000
1108,2024-02-24,7,19,26,37,39,44,27,1957990849,14,114578905000
1109,2024-03-02,10,12,13,19,33,40,2,1584352875,17,117196327000
1110,2024-03-09,3,7,11,20,22,41,24,1647392719,16,115083786000
1111,2024-03-16,3,13,30,33,43,45,4,1714662540,16,116382835000
1112,2024-03-23,16,20,26,36,42,44,24,2804455650,10,114216084000
1113,2024-03-30,11,13,20,21,32,44,8,1987426822,14,113342318000
1114,2024-04-06,10,16,19,32,33,38,3,1583813824,17,113597890000
1115,2024-04-13,7,12,23,32,34,36,8,2257278282,12,113939215000
1116,2024-04-20,15,16,17,25,30,31,32,2695000238,10,110862553000
1117,2024-04-27,3,4,9,30,33,36,7,3028385542,9,113895333000
1118,2024-05-04,11,13,14,15,16,45,3,1477445132,19,113727120000
1119,2024-05-11,1,9,12,13,20,45,3,1396028764,19,111840714000
1120,2024-05-18,2,19,26,31,38,41,34,2522163375,11,114804359000
1121,2024-05-25,6,24,31,32,38,44,8,2524513262,11,113898519000
1122,2024-06-01,3,6,21,30,34,35,22,2556266046,11,115540004000
1123,2024-06-08,13,19,21,24,34,35,26,1731310711,16,113142957000
1124,2024-06-15,3,8,17,30,33,34,28,2623327913,10,112014841000
1125,2024-06-22,6,14,25,33,40,44,30,2195289188,12,109407294000
1126,2024-06-29,4,5,9,11,37,40,7,2386382421,11,111998191000
1127,2024-07-06,10,15,24,30,31,37,32,2267891969,12,111571373000
1128,2024-07-13,1,5,8,16,28,33,45,419925560,63,111364194000
1129,2024-07-20,5,10,11,17,28,34,22,2369567660,11,110363498000
1130,2024-07-27,15,19,21,25,27,28,40,2263301219,12,109515089000
1131,2024-08-03,1,2,6,14,27,38,33,1542367898,17,109120798000
1132,2024-08-10,6,7,19,28,34,41,5,2404951807,11,110018123000
1133,2024-08-17,13,14,20,28,29,34,23,2105079491,13,111210839000
1134,2024-08-24,3,7,9,13,19,24,23,1755689384,14,111660087000
1135,2024-08-31,1,6,13,19,21,33,4,2953726125,9,113817137000
1136,2024-09-07,21,33,35,38,42,44,1,2314468157,12,113031911000
1137,2024-09-14,4,9,12,15,33,45,26,2023447688,14,119250007000
1138,2024-09-21,14,16,19,20,29,34,35,1902656786,14,109651510000
1139,2024-09-28,5,12,15,30,37,40,18,2167490972,13,117915887000
1140,2024-10-05,7,10,22,29,31,38,15,2279823938,12,115238556000
1141,2024-10-12,7,11,12,21,26,35,20,2457758285,11,115803173000
1142,2024-10-19,2,8,28,30,37,41,22,3117517709,9,114254355000
1143,2024-10-26,10,16,17,27,28,36,6,2545657023,11,116432896000
1144,2024-11-02,3,4,12,15,26,34,6,1489347375,18,116378514000
1145,2024-11-09,2,11,31,33,37,44,32,3051630084,9,116115162000
1146,2024-11-16,6,11,17,19,40,43,28,2526476353,11,116694743000
1147,2024-11-23,7,11,24,26,27,37,32,3323422079,8,115707061000
1148,2024-11-30,3,6,13,15,16,22,32,2073332308,13,113188640000
1149,2024-12-07,8,15,19,21,32,36,38,1613380765,17,112146718000
1150,2024-12-14,8,9,18,35,39,45,25,1570620309,17,114152034000
1151,2024-12-21,2,3,9,15,27,29,8,1620503030,17,116118444000
1152,2024-12-28,30,31,32,35,36,37,5,874349668,35,120703009000
1153,2025-01-04,1,9,10,13,35,44,5,2027312925,15,126343367000
1154,2025-01-11,4,8,22,26,32,38,27,1854965425,15,115268257000
1155,2025-01-18,10,16,19,27,37,38,13,4066375179,7,118482730000
1156,2025-01-25,30,31,34,39,41,45,7,1505207090,21,127643987000
1157,2025-02-01,5,7,12,20,25,26,28,2257842157,12,123443439000
1158,2025-02-08,21,25,27,32,37,38,20,1394358197,21,119706159000
1159,2025-02-15,3,9,27,28,38,39,7,1284854250,23,124802304000
1160,2025-02-22,7,13,18,36,39,45,19,2509359875,12,123177536000
1161,2025-03-01,2,12,20,24,34,42,37,1792657969,16,123230590000
1162,2025-03-08,20,21,22,25,28,29,6,823931021,36,120578328000
1163,2025-03-15,2,13,15,16,33,43,4,1936891150,15,122246316000
1164,2025-03-22,17,18,23,25,38,39,22,2193092164,13,121102645000
1165,2025-03-29,6,7,27,29,38,45,17,2192485270,13,118112106000
1166,2025-04-05,14,23,25,27,29,42,16,2072319938,14,116717661000
1167,2025-04-12,8,23,31,35,39,40,24,2884087913,10,118762131000
1168,2025-04-19,9,21,24,30,33,37,29,2136635914,13,117811795000
1169,2025-04-26,5,12,24,26,39,42,20,2852735813,10,118803195000
1170,2025-05-03,3,13,28,34,38,42,25,1386550969,20,116709995000
1171,2025-05-10,3,6,7,11,12,17,19,1128345286,21,115285696000
1172,2025-05-17,7,9,24,40,42,44,45,2203004452,13,117565241000
1173,2025-05-24,1,5,18,20,30,35,3,1179946063,24,118782668000
1174,2025-05-31,8,11,14,17,36,39,22,1910619425,15,119020467000
1175,2025-06-07,3,4,6,8,32,42,31,1384026094,20,117488305000
1176,2025-06-14,7,9,11,21,30,35,29,2052166154,13,115765450000
1177,2025-06-21,3,7,15,16,19,43,21,4576672000,6,115411832000
1178,2025-06-28,5,6,11,27,43,44,17,2391608407,12,118774279000
1179,2025-07-05,3,16,18,24,40,44,21,2162821097,13,115024678000
1180,2025-07-12,6,12,18,37,40,41,3,2535566421,11,115377965000
1181,2025-07-19,8,10,14,20,33,41,28,1593643500,17,113802682000
1182,2025-07-26,1,13,21,25,28,31,22,2124785424,13,115431308000
1183,2025-08-02,4,15,17,23,27,36,31,2073966000,13,115605968000
1184,2025-08-09,14,16,23,25,31,37,42,1910655600,15,117748924000
1185,2025-08-16,6,17,22,28,29,32,38,2388695125,12,117480804000
1186,2025-08-23,2,8,13,16,23,28,35,1985676911,14,116690738000
1187,2025-08-30,5,13,26,29,37,40,42,2619380012,11,117650847000
1188,2025-09-06,3,4,12,19,22,27,9,1074625172,24,116617971000
1189,2025-09-13,9,19,29,35,37,38,31,2263651299,13,119484685000
1190,2025-09-20,7,9,19,23,26,45,33,4622793813,6,118368861000
1191,2025-09-27,1,4,11,12,20,41,2,1536334355,18,121272809000
1192,2025-10-04,10,16,23,36,39,40,11,1079546587,29,129050196000
1193,2025-10-11,6,9,16,19,24,28,17,1717013508,16,118676603000
1194,2025-10-18,3,13,15,24,33,37,2,985155349,28,121085706000
1195,2025-10-25,3,15,27,33,34,36,37,2939186738,10,122918013000
1196,2025-11-01,8,12,15,29,40,45,14,2001627550,15,121645432000
1197,2025-11-08,1,5,7,26,28,43,30,2205089827,13,120244434000
1198,2025-11-15,26,30,33,38,39,41,21,2953686638,10,120207517000
1199,2025-11-22,16,24,25,30,31,32,7,1695609839,17,118624796000
1200,2025-11-29,1,2,4,16,20,32,45,2357299875,12,118339596000
1201,2025-12-06,7,9,24,27,35,36,37,1414555718,19,115389593000
1202,2025-12-13,5,12,21,33,37,40,7,1920410813,14,116954237000
1203,2025-12-20,3,6,18,29,35,39,24,1368060733,21,121655631000
1204,2025-12-27,8,16,28,30,31,44,27,1661007688,18,123758619000
1205,2026-01-03,1,4,16,23,31,41,2,3226386263,10,132670747000
1206,2026-01-10,1,3,17,26,27,42,23,1868807000,15,121012690000
1207,2026-01-17,10,22,24,27,38,45,11,1733202949,17,122934287000
1208,2026-01-24,6,27,30,36,38,42,25,5001713625,6,120408668000
1209,2026-01-31,2,17,20,35,37,39,24,1371910466,22,124040394000
1210,2026-02-07,1,7,9,17,27,38,31,1102298407,24,123111058000
1211,2026-02-14,23,26,27,35,38,40,10,2370956036,14,134945802000
1212,2026-02-21,5,8,25,31,41,44,45,2654089032,12,131727929000
1213,2026-02-28,5,11,25,27,36,38,2,1740011646,18,131111079000
1214,2026-03-07,10,15,19,27,30,33,14,2431577188,12,124815860000
1215,2026-03-14,13,15,19,21,44,45,39,1998542133,16,126977101000
1216,2026-03-21,3,10,14,15,23,24,25,2148654000,14,125556526000
1217,2026-03-28,8,10,15,20,29,31,41,2179738018,14,125155256000
1218,2026-04-04,3,28,31,32,42,45,25,1714482042,18,123335928000
1219,2026-04-11,1,2,15,28,39,45,31,2508232844,12,120945801000
1220,2026-04-18,2,22,25,28,34,43,16,2114514161,14,121958822000
1221,2026-04-25,6,13,18,28,30,36,9,1830801165,16,122979623000
1222,2026-05-02,4,11,17,22,32,41,34,1202986844,24,124243558000
1223,2026-05-09,16,18,20,32,33,39,26,1857554133,16,122621163000
1224,2026-05-16,9,18,21,27,44,45,28,2414855250,12,121110408000
1225,2026-05-23,8,9,19,25,41,42,33,2228133087,13,120402887000
1226,2026-05-30,4,6,13,17,26,28,41,2815230113,10,120259943000
1227,2026-06-06,1,14,16,34,41,44,13,2674808455,11,118882558000
1228,2026-06-13,24,29,30,31,35,44,1,2698334421,11,119052273000
1229,2026-06-20,12,13,29,34,37,42,16,3519759000,8,116155532000
1230,2026-06-27,3,8,9,22,28,42,45,1771357196,16,120177677000
1231,2026-07-04,4,13,14,18,31,38,15,1652990074,17,118084580000
1232,2026-07-11,12,15,19,22,24,36,3,2533260819,11,114636304000
1233,2026-07-18,2,7,20,25,37,40,29,837965396,31,116159776000
